"row","col","similarity","cancer"
"HSPA9","HSPD1",0.134615384615385,"BRCA"
"HSPA9","HSPE1",0.0227272727272727,"BRCA"
"HSPD1","HSPE1",0.232142857142857,"BRCA"
"HSPA9","SPG7",0,"BRCA"
"HSPD1","SPG7",0.00487804878048781,"BRCA"
"HSPE1","SPG7",0.0241935483870969,"BRCA"
"HSPA9","CLPP",0,"BRCA"
"HSPD1","CLPP",0.0298913043478261,"BRCA"
"HSPE1","CLPP",0.230547550432277,"BRCA"
"SPG7","CLPP",0.222602739726027,"BRCA"
"HSPA9","DNAJA3",0.113636363636364,"BRCA"
"HSPD1","DNAJA3",0.0347222222222222,"BRCA"
"HSPE1","DNAJA3",0.0368421052631579,"BRCA"
"SPG7","DNAJA3",0.0160000000000001,"BRCA"
"CLPP","DNAJA3",0.0563380281690141,"BRCA"
"HSPA9","LONP1",0.00386100386100385,"BRCA"
"HSPD1","LONP1",0.0332225913621262,"BRCA"
"HSPE1","LONP1",0.150641025641026,"BRCA"
"SPG7","LONP1",0.325688073394495,"BRCA"
"CLPP","LONP1",0.626760563380282,"BRCA"
"DNAJA3","LONP1",0.0740740740740741,"BRCA"
"HSPA9","TRAP1",0.0792079207920792,"BRCA"
"HSPD1","TRAP1",0.0958904109589042,"BRCA"
"HSPE1","TRAP1",0.0833333333333334,"BRCA"
"SPG7","TRAP1",0.0298507462686567,"BRCA"
"CLPP","TRAP1",0.0650684931506849,"BRCA"
"DNAJA3","TRAP1",0.372881355932203,"BRCA"
"LONP1","TRAP1",0.0995475113122171,"BRCA"
"HSPA9","YME1L1",0.126126126126126,"BRCA"
"HSPD1","YME1L1",0.165562913907285,"BRCA"
"HSPE1","YME1L1",0,"BRCA"
"SPG7","YME1L1",0,"BRCA"
"CLPP","YME1L1",0,"BRCA"
"DNAJA3","YME1L1",0,"BRCA"
"LONP1","YME1L1",0,"BRCA"
"TRAP1","YME1L1",0,"BRCA"
"HSPA9","CLPX",0.163461538461538,"BRCA"
"HSPD1","CLPX",0.0299401197604789,"BRCA"
"HSPE1","CLPX",0,"BRCA"
"SPG7","CLPX",0,"BRCA"
"CLPP","CLPX",0,"BRCA"
"DNAJA3","CLPX",0,"BRCA"
"LONP1","CLPX",0,"BRCA"
"TRAP1","CLPX",0,"BRCA"
"YME1L1","CLPX",0.304347826086956,"BRCA"
"HSPA9","AFG3L2",0.101010101010101,"BRCA"
"HSPD1","AFG3L2",0.25,"BRCA"
"HSPE1","AFG3L2",0.0196078431372549,"BRCA"
"SPG7","AFG3L2",0.00729927007299258,"BRCA"
"CLPP","AFG3L2",0,"BRCA"
"DNAJA3","AFG3L2",0.0125,"BRCA"
"LONP1","AFG3L2",0.00413223140495866,"BRCA"
"TRAP1","AFG3L2",0.0454545454545455,"BRCA"
"YME1L1","AFG3L2",0.285714285714286,"BRCA"
"CLPX","AFG3L2",0.0947368421052632,"BRCA"
"HSPA9","HTRA2",0,"BRCA"
"HSPD1","HTRA2",0.00386100386100385,"BRCA"
"HSPE1","HTRA2",0.111913357400722,"BRCA"
"SPG7","HTRA2",0.322222222222222,"BRCA"
"CLPP","HTRA2",0.494545454545455,"BRCA"
"DNAJA3","HTRA2",0.0342857142857144,"BRCA"
"LONP1","HTRA2",0.580645161290323,"BRCA"
"TRAP1","HTRA2",0.0491803278688525,"BRCA"
"YME1L1","HTRA2",0,"BRCA"
"CLPX","HTRA2",0,"BRCA"
"AFG3L2","HTRA2",0,"BRCA"
"HSPA9","DNAJC19",0.0190476190476191,"BRCA"
"HSPD1","DNAJC19",0,"BRCA"
"HSPE1","DNAJC19",0.0456852791878173,"BRCA"
"SPG7","DNAJC19",0,"BRCA"
"CLPP","DNAJC19",0.0546075085324231,"BRCA"
"DNAJA3","DNAJC19",0.025974025974026,"BRCA"
"LONP1","DNAJC19",0.0168776371308017,"BRCA"
"TRAP1","DNAJC19",0.0112359550561798,"BRCA"
"YME1L1","DNAJC19",0,"BRCA"
"CLPX","DNAJC19",0,"BRCA"
"AFG3L2","DNAJC19",0,"BRCA"
"HTRA2","DNAJC19",0.0160427807486631,"BRCA"
"HSPA9","GRPEL2",0.238095238095238,"BRCA"
"HSPD1","GRPEL2",0.115107913669065,"BRCA"
"HSPE1","GRPEL2",0.015,"BRCA"
"SPG7","GRPEL2",0,"BRCA"
"CLPP","GRPEL2",0,"BRCA"
"DNAJA3","GRPEL2",0,"BRCA"
"LONP1","GRPEL2",0,"BRCA"
"TRAP1","GRPEL2",0.0116279069767442,"BRCA"
"YME1L1","GRPEL2",0.240963855421687,"BRCA"
"CLPX","GRPEL2",0.253164556962025,"BRCA"
"AFG3L2","GRPEL2",0.191780821917808,"BRCA"
"HTRA2","GRPEL2",0,"BRCA"
"DNAJC19","GRPEL2",0,"BRCA"
"HSPA9","HSCB",0,"BRCA"
"HSPD1","HSCB",0,"BRCA"
"HSPE1","HSCB",0.0150753768844222,"BRCA"
"SPG7","HSCB",0.03125,"BRCA"
"CLPP","HSCB",0.105072463768116,"BRCA"
"DNAJA3","HSCB",0,"BRCA"
"LONP1","HSCB",0.0871559633027523,"BRCA"
"TRAP1","HSCB",0,"BRCA"
"YME1L1","HSCB",0,"BRCA"
"CLPX","HSCB",0,"BRCA"
"AFG3L2","HSCB",0,"BRCA"
"HTRA2","HSCB",0.0508474576271187,"BRCA"
"DNAJC19","HSCB",0.0499999999999999,"BRCA"
"GRPEL2","HSCB",0,"BRCA"
"HSPA9","HSPD1",0.5,"COAD"
"HSPA9","HSPE1",0.328530259365994,"COAD"
"HSPD1","HSPE1",0.559880239520958,"COAD"
"HSPA9","SPG7",0.00348432055749126,"COAD"
"HSPD1","SPG7",0.00578034682080919,"COAD"
"HSPE1","SPG7",0.00887573964497046,"COAD"
"HSPA9","CLPP",0.0324675324675324,"COAD"
"HSPD1","CLPP",0.020912547528517,"COAD"
"HSPE1","CLPP",0.0707070707070707,"COAD"
"SPG7","CLPP",0.0950920245398773,"COAD"
"HSPA9","DNAJA3",0.0808823529411764,"COAD"
"HSPD1","DNAJA3",0.120805369127517,"COAD"
"HSPE1","DNAJA3",0.178997613365155,"COAD"
"SPG7","DNAJA3",0.126315789473684,"COAD"
"CLPP","DNAJA3",0.389645776566757,"COAD"
"HSPA9","LONP1",0.0157068062827226,"COAD"
"HSPD1","LONP1",0.0275229357798166,"COAD"
"HSPE1","LONP1",0.0400943396226415,"COAD"
"SPG7","LONP1",0.170305676855895,"COAD"
"CLPP","LONP1",0.428125,"COAD"
"DNAJA3","LONP1",0.268072289156626,"COAD"
"HSPA9","TRAP1",0.0625,"COAD"
"HSPD1","TRAP1",0.059071729957806,"COAD"
"HSPE1","TRAP1",0.0855263157894737,"COAD"
"SPG7","TRAP1",0.158273381294964,"COAD"
"CLPP","TRAP1",0.572307692307692,"COAD"
"DNAJA3","TRAP1",0.507936507936508,"COAD"
"LONP1","TRAP1",0.512544802867384,"COAD"
"HSPA9","YME1L1",0.198019801980198,"COAD"
"HSPD1","YME1L1",0.233236151603499,"COAD"
"HSPE1","YME1L1",0.100529100529101,"COAD"
"SPG7","YME1L1",0,"COAD"
"CLPP","YME1L1",0,"COAD"
"DNAJA3","YME1L1",0.00253164556962027,"COAD"
"LONP1","YME1L1",0,"COAD"
"TRAP1","YME1L1",0,"COAD"
"HSPA9","CLPX",0.231316725978648,"COAD"
"HSPD1","CLPX",0.211940298507463,"COAD"
"HSPE1","CLPX",0.0842391304347826,"COAD"
"SPG7","CLPX",0,"COAD"
"CLPP","CLPX",0,"COAD"
"DNAJA3","CLPX",0.00264550264550267,"COAD"
"LONP1","CLPX",0.00307692307692309,"COAD"
"TRAP1","CLPX",0,"COAD"
"YME1L1","CLPX",0.512562814070352,"COAD"
"HSPA9","AFG3L2",0.0890688259109311,"COAD"
"HSPD1","AFG3L2",0.0411392405063291,"COAD"
"HSPE1","AFG3L2",0.0189873417721519,"COAD"
"SPG7","AFG3L2",0,"COAD"
"CLPP","AFG3L2",0,"COAD"
"DNAJA3","AFG3L2",0,"COAD"
"LONP1","AFG3L2",0.0246913580246914,"COAD"
"TRAP1","AFG3L2",0.0133779264214048,"COAD"
"YME1L1","AFG3L2",0.103448275862069,"COAD"
"CLPX","AFG3L2",0.176136363636364,"COAD"
"HSPA9","HTRA2",0.0130718954248366,"COAD"
"HSPD1","HTRA2",0.0393258426966292,"COAD"
"HSPE1","HTRA2",0.0707964601769911,"COAD"
"SPG7","HTRA2",0.0614525139664805,"COAD"
"CLPP","HTRA2",0.302405498281787,"COAD"
"DNAJA3","HTRA2",0.265682656826568,"COAD"
"LONP1","HTRA2",0.306306306306306,"COAD"
"TRAP1","HTRA2",0.349019607843137,"COAD"
"YME1L1","HTRA2",0,"COAD"
"CLPX","HTRA2",0,"COAD"
"AFG3L2","HTRA2",0,"COAD"
"HSPA9","DNAJC19",0.249322493224932,"COAD"
"HSPD1","DNAJC19",0.419618528610354,"COAD"
"HSPE1","DNAJC19",0.472779369627507,"COAD"
"SPG7","DNAJC19",0.00589970501474923,"COAD"
"CLPP","DNAJC19",0.017274472168906,"COAD"
"DNAJA3","DNAJC19",0.10762331838565,"COAD"
"LONP1","DNAJC19",0.00227272727272732,"COAD"
"TRAP1","DNAJC19",0.020618556701031,"COAD"
"YME1L1","DNAJC19",0.181818181818182,"COAD"
"CLPX","DNAJC19",0.127118644067797,"COAD"
"AFG3L2","DNAJC19",0.0031152647975079,"COAD"
"HTRA2","DNAJC19",0.0055401662049861,"COAD"
"HSPA9","GRPEL2",0.382445141065831,"COAD"
"HSPD1","GRPEL2",0.415254237288136,"COAD"
"HSPE1","GRPEL2",0.247474747474747,"COAD"
"SPG7","GRPEL2",0,"COAD"
"CLPP","GRPEL2",0.00196463654223966,"COAD"
"DNAJA3","GRPEL2",0.0193548387096774,"COAD"
"LONP1","GRPEL2",0,"COAD"
"TRAP1","GRPEL2",0.00422832980972521,"COAD"
"YME1L1","GRPEL2",0.445255474452555,"COAD"
"CLPX","GRPEL2",0.435606060606061,"COAD"
"AFG3L2","GRPEL2",0.0785714285714286,"COAD"
"HTRA2","GRPEL2",0,"COAD"
"DNAJC19","GRPEL2",0.338753387533875,"COAD"
"HSPA9","HSCB",0.216606498194946,"COAD"
"HSPD1","HSCB",0.203030303030303,"COAD"
"HSPE1","HSCB",0.238095238095238,"COAD"
"SPG7","HSCB",0,"COAD"
"CLPP","HSCB",0.0437017994858612,"COAD"
"DNAJA3","HSCB",0.0249307479224377,"COAD"
"LONP1","HSCB",0.00634920634920644,"COAD"
"TRAP1","HSCB",0.0277008310249308,"COAD"
"YME1L1","HSCB",0.0814814814814815,"COAD"
"CLPX","HSCB",0.0956175298804781,"COAD"
"AFG3L2","HSCB",0.0588235294117647,"COAD"
"HTRA2","HSCB",0.0482456140350878,"COAD"
"DNAJC19","HSCB",0.147058823529412,"COAD"
"GRPEL2","HSCB",0.15987460815047,"COAD"
"HSPA9","HSPD1",0.248387096774193,"HNSC"
"HSPA9","HSPE1",0.0923623445825933,"HNSC"
"HSPD1","HSPE1",0.358974358974359,"HNSC"
"HSPA9","SPG7",0.0168350168350168,"HNSC"
"HSPD1","SPG7",0.131926121372032,"HNSC"
"HSPE1","SPG7",0.234962406015037,"HNSC"
"HSPA9","CLPP",0.0552147239263804,"HNSC"
"HSPD1","CLPP",0.243713733075435,"HNSC"
"HSPE1","CLPP",0.655893536121673,"HNSC"
"SPG7","CLPP",0.202586206896552,"HNSC"
"HSPA9","DNAJA3",0.354581673306773,"HNSC"
"HSPD1","DNAJA3",0.441358024691358,"HNSC"
"HSPE1","DNAJA3",0.210801393728223,"HNSC"
"SPG7","DNAJA3",0.126843657817109,"HNSC"
"CLPP","DNAJA3",0.107806691449814,"HNSC"
"HSPA9","LONP1",0.0380116959064328,"HNSC"
"HSPD1","LONP1",0.214105793450882,"HNSC"
"HSPE1","LONP1",0.417165668662675,"HNSC"
"SPG7","LONP1",0.276527331189711,"HNSC"
"CLPP","LONP1",0.504926108374384,"HNSC"
"DNAJA3","LONP1",0.0984848484848485,"HNSC"
"HSPA9","TRAP1",0.357429718875502,"HNSC"
"HSPD1","TRAP1",0.504854368932039,"HNSC"
"HSPE1","TRAP1",0.21792618629174,"HNSC"
"SPG7","TRAP1",0.0951008645533141,"HNSC"
"CLPP","TRAP1",0.129277566539924,"HNSC"
"DNAJA3","TRAP1",0.583333333333333,"HNSC"
"LONP1","TRAP1",0.136482939632546,"HNSC"
"HSPA9","YME1L1",0.180232558139535,"HNSC"
"HSPD1","YME1L1",0.114864864864865,"HNSC"
"HSPE1","YME1L1",0.00904159132007232,"HNSC"
"SPG7","YME1L1",0,"HNSC"
"CLPP","YME1L1",0.00437636761487958,"HNSC"
"DNAJA3","YME1L1",0.159836065573771,"HNSC"
"LONP1","YME1L1",0,"HNSC"
"TRAP1","YME1L1",0.170833333333333,"HNSC"
"HSPA9","CLPX",0,"HNSC"
"HSPD1","CLPX",0,"HNSC"
"HSPE1","CLPX",0.00201207243460766,"HNSC"
"SPG7","CLPX",0,"HNSC"
"CLPP","CLPX",0,"HNSC"
"DNAJA3","CLPX",0.00450450450450457,"HNSC"
"LONP1","CLPX",0,"HNSC"
"TRAP1","CLPX",0.00454545454545452,"HNSC"
"YME1L1","CLPX",0.0750000000000001,"HNSC"
"HSPA9","AFG3L2",0.409574468085106,"HNSC"
"HSPD1","AFG3L2",0.293729372937294,"HNSC"
"HSPE1","AFG3L2",0.0973451327433629,"HNSC"
"SPG7","AFG3L2",0.0371621621621622,"HNSC"
"CLPP","AFG3L2",0.0399201596806388,"HNSC"
"DNAJA3","AFG3L2",0.425619834710744,"HNSC"
"LONP1","AFG3L2",0.0404624277456647,"HNSC"
"TRAP1","AFG3L2",0.484848484848485,"HNSC"
"YME1L1","AFG3L2",0.223529411764706,"HNSC"
"CLPX","AFG3L2",0.00680272108843527,"HNSC"
"HSPA9","HTRA2",0.0928571428571429,"HNSC"
"HSPD1","HTRA2",0.382075471698113,"HNSC"
"HSPE1","HTRA2",0.515828677839851,"HNSC"
"SPG7","HTRA2",0.261964735516373,"HNSC"
"CLPP","HTRA2",0.40748031496063,"HNSC"
"DNAJA3","HTRA2",0.259345794392523,"HNSC"
"LONP1","HTRA2",0.319047619047619,"HNSC"
"TRAP1","HTRA2",0.243055555555556,"HNSC"
"YME1L1","HTRA2",0.0125944584382871,"HNSC"
"CLPX","HTRA2",0,"HNSC"
"AFG3L2","HTRA2",0.120772946859903,"HNSC"
"HSPA9","DNAJC19",0.123938879456706,"HNSC"
"HSPD1","DNAJC19",0.328282828282828,"HNSC"
"HSPE1","DNAJC19",0.65905383360522,"HNSC"
"SPG7","DNAJC19",0.23943661971831,"HNSC"
"CLPP","DNAJC19",0.507389162561576,"HNSC"
"DNAJA3","DNAJC19",0.23873121869783,"HNSC"
"LONP1","DNAJC19",0.359066427289048,"HNSC"
"TRAP1","DNAJC19",0.237458193979933,"HNSC"
"YME1L1","DNAJC19",0.0289115646258503,"HNSC"
"CLPX","DNAJC19",0.00183823529411775,"HNSC"
"AFG3L2","DNAJC19",0.126689189189189,"HNSC"
"HTRA2","DNAJC19",0.466780238500852,"HNSC"
"HSPA9","GRPEL2",0,"HNSC"
"HSPD1","GRPEL2",0,"HNSC"
"HSPE1","GRPEL2",0,"HNSC"
"SPG7","GRPEL2",0,"HNSC"
"CLPP","GRPEL2",0,"HNSC"
"DNAJA3","GRPEL2",0.00458715596330284,"HNSC"
"LONP1","GRPEL2",0,"HNSC"
"TRAP1","GRPEL2",0.00462962962962965,"HNSC"
"YME1L1","GRPEL2",0.0123456790123457,"HNSC"
"CLPX","GRPEL2",0.1,"HNSC"
"AFG3L2","GRPEL2",0,"HNSC"
"HTRA2","GRPEL2",0,"HNSC"
"DNAJC19","GRPEL2",0.00185185185185188,"HNSC"
"HSPA9","HSCB",0.056672760511883,"HNSC"
"HSPD1","HSCB",0.245583038869258,"HNSC"
"HSPE1","HSCB",0.708791208791209,"HNSC"
"SPG7","HSCB",0.294363256784969,"HNSC"
"CLPP","HSCB",0.681451612903226,"HNSC"
"DNAJA3","HSCB",0.144347826086957,"HNSC"
"LONP1","HSCB",0.453563714902808,"HNSC"
"TRAP1","HSCB",0.140869565217391,"HNSC"
"YME1L1","HSCB",0.00192307692307692,"HNSC"
"CLPX","HSCB",0,"HNSC"
"AFG3L2","HSCB",0.0466786355475763,"HNSC"
"HTRA2","HSCB",0.468809073724008,"HNSC"
"DNAJC19","HSCB",0.625207296849088,"HNSC"
"GRPEL2","HSCB",0,"HNSC"
"HSPA9","HSPD1",0.615873015873016,"KIRC"
"HSPA9","HSPE1",0.0804597701149424,"KIRC"
"HSPD1","HSPE1",0.106157112526539,"KIRC"
"HSPA9","SPG7",0.00461893764434174,"KIRC"
"HSPD1","SPG7",0,"KIRC"
"HSPE1","SPG7",0.044392523364486,"KIRC"
"HSPA9","CLPP",0.00400801603206413,"KIRC"
"HSPD1","CLPP",0.0177777777777777,"KIRC"
"HSPE1","CLPP",0.461538461538462,"KIRC"
"SPG7","CLPP",0.0294906166219839,"KIRC"
"HSPA9","DNAJA3",0.475195822454308,"KIRC"
"HSPD1","DNAJA3",0.474576271186441,"KIRC"
"HSPE1","DNAJA3",0.179959100204499,"KIRC"
"SPG7","DNAJA3",0.0418604651162792,"KIRC"
"CLPP","DNAJA3",0.0708333333333333,"KIRC"
"HSPA9","LONP1",0.02088772845953,"KIRC"
"HSPD1","LONP1",0.0326409495548962,"KIRC"
"HSPE1","LONP1",0.255451713395639,"KIRC"
"SPG7","LONP1",0.109311740890688,"KIRC"
"CLPP","LONP1",0.26865671641791,"KIRC"
"DNAJA3","LONP1",0.119113573407202,"KIRC"
"HSPA9","TRAP1",0.438692098092643,"KIRC"
"HSPD1","TRAP1",0.430678466076696,"KIRC"
"HSPE1","TRAP1",0.062992125984252,"KIRC"
"SPG7","TRAP1",0.0326633165829145,"KIRC"
"CLPP","TRAP1",0.0192307692307693,"KIRC"
"DNAJA3","TRAP1",0.41994750656168,"KIRC"
"LONP1","TRAP1",0.0455840455840456,"KIRC"
"HSPA9","YME1L1",0.392,"KIRC"
"HSPD1","YME1L1",0.277333333333333,"KIRC"
"HSPE1","YME1L1",0,"KIRC"
"SPG7","YME1L1",0.00247524752475259,"KIRC"
"CLPP","YME1L1",0,"KIRC"
"DNAJA3","YME1L1",0.1784140969163,"KIRC"
"LONP1","YME1L1",0,"KIRC"
"TRAP1","YME1L1",0.241895261845386,"KIRC"
"HSPA9","CLPX",0.476923076923077,"KIRC"
"HSPD1","CLPX",0.319306930693069,"KIRC"
"HSPE1","CLPX",0.00857632933104624,"KIRC"
"SPG7","CLPX",0.0222717149220489,"KIRC"
"CLPP","CLPX",0,"KIRC"
"DNAJA3","CLPX",0.286026200873362,"KIRC"
"LONP1","CLPX",0.00484261501210659,"KIRC"
"TRAP1","CLPX",0.30188679245283,"KIRC"
"YME1L1","CLPX",0.634730538922156,"KIRC"
"HSPA9","AFG3L2",0.568062827225131,"KIRC"
"HSPD1","AFG3L2",0.393483709273183,"KIRC"
"HSPE1","AFG3L2",0.0286195286195287,"KIRC"
"SPG7","AFG3L2",0.00836820083682022,"KIRC"
"CLPP","AFG3L2",0.0018281535648994,"KIRC"
"DNAJA3","AFG3L2",0.350993377483444,"KIRC"
"LONP1","AFG3L2",0.0138888888888888,"KIRC"
"TRAP1","AFG3L2",0.474358974358974,"KIRC"
"YME1L1","AFG3L2",0.529569892473118,"KIRC"
"CLPX","AFG3L2",0.609819121447028,"KIRC"
"HSPA9","HTRA2",0.0214723926380368,"KIRC"
"HSPD1","HTRA2",0.0469314079422383,"KIRC"
"HSPE1","HTRA2",0.00583090379008744,"KIRC"
"SPG7","HTRA2",0.00465116279069766,"KIRC"
"CLPP","HTRA2",0.036764705882353,"KIRC"
"DNAJA3","HTRA2",0.0453172205438066,"KIRC"
"LONP1","HTRA2",0.00584795321637432,"KIRC"
"TRAP1","HTRA2",0.0957446808510639,"KIRC"
"YME1L1","HTRA2",0.0594405594405595,"KIRC"
"CLPX","HTRA2",0.0288184438040346,"KIRC"
"AFG3L2","HTRA2",0.0674157303370786,"KIRC"
"HSPA9","DNAJC19",0.158567774936061,"KIRC"
"HSPD1","DNAJC19",0.171428571428571,"KIRC"
"HSPE1","DNAJC19",0.223684210526316,"KIRC"
"SPG7","DNAJC19",0.0181818181818182,"KIRC"
"CLPP","DNAJC19",0.135593220338983,"KIRC"
"DNAJA3","DNAJC19",0.226315789473684,"KIRC"
"LONP1","DNAJC19",0.0656934306569343,"KIRC"
"TRAP1","DNAJC19",0.16260162601626,"KIRC"
"YME1L1","DNAJC19",0.0393120393120393,"KIRC"
"CLPX","DNAJC19",0.0816326530612245,"KIRC"
"AFG3L2","DNAJC19",0.121076233183857,"KIRC"
"HTRA2","DNAJC19",0.0399999999999999,"KIRC"
"HSPA9","GRPEL2",0.0308641975308642,"KIRC"
"HSPD1","GRPEL2",0.00692041522491349,"KIRC"
"HSPE1","GRPEL2",0,"KIRC"
"SPG7","GRPEL2",0.166666666666667,"KIRC"
"CLPP","GRPEL2",0,"KIRC"
"DNAJA3","GRPEL2",0.0146198830409356,"KIRC"
"LONP1","GRPEL2",0,"KIRC"
"TRAP1","GRPEL2",0.0264900662251655,"KIRC"
"YME1L1","GRPEL2",0.0704225352112676,"KIRC"
"CLPX","GRPEL2",0.081570996978852,"KIRC"
"AFG3L2","GRPEL2",0.0583333333333333,"KIRC"
"HTRA2","GRPEL2",0.0176991150442478,"KIRC"
"DNAJC19","GRPEL2",0.0129310344827587,"KIRC"
"HSPA9","HSCB",0,"KIRC"
"HSPD1","HSCB",0.00621118012422361,"KIRC"
"HSPE1","HSCB",0.151975683890577,"KIRC"
"SPG7","HSCB",0.016260162601626,"KIRC"
"CLPP","HSCB",0.295081967213115,"KIRC"
"DNAJA3","HSCB",0.0106382978723404,"KIRC"
"LONP1","HSCB",0.0785340314136126,"KIRC"
"TRAP1","HSCB",0.0117994100294986,"KIRC"
"YME1L1","HSCB",0,"KIRC"
"CLPX","HSCB",0,"KIRC"
"AFG3L2","HSCB",0,"KIRC"
"HTRA2","HSCB",0.088235294117647,"KIRC"
"DNAJC19","HSCB",0.0634920634920636,"KIRC"
"GRPEL2","HSCB",0,"KIRC"
"HSPA9","HSPD1",0.699346405228758,"KIRP"
"HSPA9","HSPE1",0.1797583081571,"KIRP"
"HSPD1","HSPE1",0.26038338658147,"KIRP"
"HSPA9","SPG7",0.0220913107511045,"KIRP"
"HSPD1","SPG7",0.0556390977443609,"KIRP"
"HSPE1","SPG7",0.183501683501683,"KIRP"
"HSPA9","CLPP",0.130500758725342,"KIRP"
"HSPD1","CLPP",0.18025078369906,"KIRP"
"HSPE1","CLPP",0.625,"KIRP"
"SPG7","CLPP",0.17636684303351,"KIRP"
"HSPA9","DNAJA3",0.58695652173913,"KIRP"
"HSPD1","DNAJA3",0.631790744466801,"KIRP"
"HSPE1","DNAJA3",0.192364170337739,"KIRP"
"SPG7","DNAJA3",0.124031007751938,"KIRP"
"CLPP","DNAJA3",0.14962962962963,"KIRP"
"HSPA9","LONP1",0.305816135084428,"KIRP"
"HSPD1","LONP1",0.346080305927342,"KIRP"
"HSPE1","LONP1",0.421370967741935,"KIRP"
"SPG7","LONP1",0.0976909413854352,"KIRP"
"CLPP","LONP1",0.473568281938326,"KIRP"
"DNAJA3","LONP1",0.30990990990991,"KIRP"
"HSPA9","TRAP1",0.560460652591171,"KIRP"
"HSPD1","TRAP1",0.622529644268775,"KIRP"
"HSPE1","TRAP1",0.219584569732938,"KIRP"
"SPG7","TRAP1",0.143079315707621,"KIRP"
"CLPP","TRAP1",0.178410794602699,"KIRP"
"DNAJA3","TRAP1",0.834782608695652,"KIRP"
"LONP1","TRAP1",0.330324909747292,"KIRP"
"HSPA9","YME1L1",0.437100213219616,"KIRP"
"HSPD1","YME1L1",0.33203125,"KIRP"
"HSPE1","YME1L1",0.0286144578313253,"KIRP"
"SPG7","YME1L1",0.0067567567567568,"KIRP"
"CLPP","YME1L1",0.00465838509316774,"KIRP"
"DNAJA3","YME1L1",0.353166986564299,"KIRP"
"LONP1","YME1L1",0.0736086175942549,"KIRP"
"TRAP1","YME1L1",0.302367941712204,"KIRP"
"HSPA9","CLPX",0.59493670886076,"KIRP"
"HSPD1","CLPX",0.460803059273423,"KIRP"
"HSPE1","CLPX",0.0774647887323945,"KIRP"
"SPG7","CLPX",0.0303951367781156,"KIRP"
"CLPP","CLPX",0.0459110473457677,"KIRP"
"DNAJA3","CLPX",0.522243713733075,"KIRP"
"LONP1","CLPX",0.158432708688245,"KIRP"
"TRAP1","CLPX",0.462385321100917,"KIRP"
"YME1L1","CLPX",0.632754342431762,"KIRP"
"HSPA9","AFG3L2",0.663385826771654,"KIRP"
"HSPD1","AFG3L2",0.57962962962963,"KIRP"
"HSPE1","AFG3L2",0.163487738419619,"KIRP"
"SPG7","AFG3L2",0.0848656294200848,"KIRP"
"CLPP","AFG3L2",0.123626373626374,"KIRP"
"DNAJA3","AFG3L2",0.704280155642023,"KIRP"
"LONP1","AFG3L2",0.256535947712418,"KIRP"
"TRAP1","AFG3L2",0.659176029962547,"KIRP"
"YME1L1","AFG3L2",0.436538461538462,"KIRP"
"CLPX","AFG3L2",0.674747474747475,"KIRP"
"HSPA9","HTRA2",0.133671742808799,"KIRP"
"HSPD1","HTRA2",0.195767195767196,"KIRP"
"HSPE1","HTRA2",0.203900709219858,"KIRP"
"SPG7","HTRA2",0.312638580931264,"KIRP"
"CLPP","HTRA2",0.156474820143885,"KIRP"
"DNAJA3","HTRA2",0.258527827648115,"KIRP"
"LONP1","HTRA2",0.135755258126195,"KIRP"
"TRAP1","HTRA2",0.292727272727273,"KIRP"
"YME1L1","HTRA2",0.0792452830188679,"KIRP"
"CLPX","HTRA2",0.15547703180212,"KIRP"
"AFG3L2","HTRA2",0.222039473684211,"KIRP"
"HSPA9","DNAJC19",0.112115732368897,"KIRP"
"HSPD1","DNAJC19",0.138939670932358,"KIRP"
"HSPE1","DNAJC19",0.350649350649351,"KIRP"
"SPG7","DNAJC19",0.135306553911205,"KIRP"
"CLPP","DNAJC19",0.227557411273486,"KIRP"
"DNAJA3","DNAJC19",0.102389078498294,"KIRP"
"LONP1","DNAJC19",0.134736842105263,"KIRP"
"TRAP1","DNAJC19",0.0988274706867672,"KIRP"
"YME1L1","DNAJC19",0.031936127744511,"KIRP"
"CLPX","DNAJC19",0.077338129496403,"KIRP"
"AFG3L2","DNAJC19",0.122349102773246,"KIRP"
"HTRA2","DNAJC19",0.127472527472527,"KIRP"
"HSPA9","GRPEL2",0.279545454545455,"KIRP"
"HSPD1","GRPEL2",0.22008547008547,"KIRP"
"HSPE1","GRPEL2",0.036231884057971,"KIRP"
"SPG7","GRPEL2",0.00414078674948237,"KIRP"
"CLPP","GRPEL2",0.00751879699248126,"KIRP"
"DNAJA3","GRPEL2",0.178571428571428,"KIRP"
"LONP1","GRPEL2",0.0252631578947369,"KIRP"
"TRAP1","GRPEL2",0.146110056925996,"KIRP"
"YME1L1","GRPEL2",0.466876971608833,"KIRP"
"CLPX","GRPEL2",0.334146341463415,"KIRP"
"AFG3L2","GRPEL2",0.2421875,"KIRP"
"HTRA2","GRPEL2",0.0429864253393666,"KIRP"
"DNAJC19","GRPEL2",0.0600522193211488,"KIRP"
"HSPA9","HSCB",0.00290275761973868,"KIRP"
"HSPD1","HSCB",0.0145137880986937,"KIRP"
"HSPE1","HSCB",0.361867704280156,"KIRP"
"SPG7","HSCB",0.353200883002208,"KIRP"
"CLPP","HSCB",0.394957983193277,"KIRP"
"DNAJA3","HSCB",0.0183356840620593,"KIRP"
"LONP1","HSCB",0.134686346863469,"KIRP"
"TRAP1","HSCB",0.0266479663394109,"KIRP"
"YME1L1","HSCB",0,"KIRP"
"CLPX","HSCB",0.00297176820208023,"KIRP"
"AFG3L2","HSCB",0.0105820105820106,"KIRP"
"HTRA2","HSCB",0.13926499032882,"KIRP"
"DNAJC19","HSCB",0.256470588235294,"KIRP"
"GRPEL2","HSCB",0.00836820083682022,"KIRP"
"HSPA9","HSPD1",0.11731843575419,"LIHC"
"HSPA9","HSPE1",0.0231660231660231,"LIHC"
"HSPD1","HSPE1",0.184818481848185,"LIHC"
"HSPA9","SPG7",0.0133333333333334,"LIHC"
"HSPD1","SPG7",0,"LIHC"
"HSPE1","SPG7",0.0129310344827587,"LIHC"
"HSPA9","CLPP",0,"LIHC"
"HSPD1","CLPP",0.0196078431372549,"LIHC"
"HSPE1","CLPP",0.36101083032491,"LIHC"
"SPG7","CLPP",0.010752688172043,"LIHC"
"HSPA9","DNAJA3",0.202453987730061,"LIHC"
"HSPD1","DNAJA3",0.150793650793651,"LIHC"
"HSPE1","DNAJA3",0.00282485875706218,"LIHC"
"SPG7","DNAJA3",0.0440251572327044,"LIHC"
"CLPP","DNAJA3",0,"LIHC"
"HSPA9","LONP1",0.0222222222222223,"LIHC"
"HSPD1","LONP1",0.021978021978022,"LIHC"
"HSPE1","LONP1",0.059071729957806,"LIHC"
"SPG7","LONP1",0.0163934426229508,"LIHC"
"CLPP","LONP1",0.108695652173913,"LIHC"
"DNAJA3","LONP1",0.0224719101123596,"LIHC"
"HSPA9","TRAP1",0.24031007751938,"LIHC"
"HSPD1","TRAP1",0.186915887850467,"LIHC"
"HSPE1","TRAP1",0.0126984126984127,"LIHC"
"SPG7","TRAP1",0.0317460317460317,"LIHC"
"CLPP","TRAP1",0,"LIHC"
"DNAJA3","TRAP1",0.479289940828402,"LIHC"
"LONP1","TRAP1",0.00689655172413794,"LIHC"
"HSPA9","YME1L1",0.114942528735632,"LIHC"
"HSPD1","YME1L1",0.237942122186495,"LIHC"
"HSPE1","YME1L1",0.0180995475113123,"LIHC"
"SPG7","YME1L1",0.0116279069767442,"LIHC"
"CLPP","YME1L1",0,"LIHC"
"DNAJA3","YME1L1",0.26578073089701,"LIHC"
"LONP1","YME1L1",0,"LIHC"
"TRAP1","YME1L1",0.219081272084806,"LIHC"
"HSPA9","CLPX",0.102040816326531,"LIHC"
"HSPD1","CLPX",0.0402684563758389,"LIHC"
"HSPE1","CLPX",0,"LIHC"
"SPG7","CLPX",0.0108695652173912,"LIHC"
"CLPP","CLPX",0,"LIHC"
"DNAJA3","CLPX",0.285714285714286,"LIHC"
"LONP1","CLPX",0,"LIHC"
"TRAP1","CLPX",0.205357142857143,"LIHC"
"YME1L1","CLPX",0.179411764705882,"LIHC"
"HSPA9","AFG3L2",0.182741116751269,"LIHC"
"HSPD1","AFG3L2",0.176258992805755,"LIHC"
"HSPE1","AFG3L2",0.00255754475703318,"LIHC"
"SPG7","AFG3L2",0,"LIHC"
"CLPP","AFG3L2",0,"LIHC"
"DNAJA3","AFG3L2",0.323770491803279,"LIHC"
"LONP1","AFG3L2",0.00921658986175111,"LIHC"
"TRAP1","AFG3L2",0.298642533936652,"LIHC"
"YME1L1","AFG3L2",0.536764705882353,"LIHC"
"CLPX","AFG3L2",0.251824817518248,"LIHC"
"HSPA9","HTRA2",0.046099290780142,"LIHC"
"HSPD1","HTRA2",0.364912280701754,"LIHC"
"HSPE1","HTRA2",0.167095115681234,"LIHC"
"SPG7","HTRA2",0.00378787878787878,"LIHC"
"CLPP","HTRA2",0.0598958333333334,"LIHC"
"DNAJA3","HTRA2",0.125730994152047,"LIHC"
"LONP1","HTRA2",0.0144404332129965,"LIHC"
"TRAP1","HTRA2",0.148026315789474,"LIHC"
"YME1L1","HTRA2",0.276595744680851,"LIHC"
"CLPX","HTRA2",0.0305343511450381,"LIHC"
"AFG3L2","HTRA2",0.182072829131653,"LIHC"
"HSPA9","DNAJC19",0.00934579439252325,"LIHC"
"HSPD1","DNAJC19",0.0253807106598986,"LIHC"
"HSPE1","DNAJC19",0.0113636363636364,"LIHC"
"SPG7","DNAJC19",0,"LIHC"
"CLPP","DNAJC19",0.0138248847926267,"LIHC"
"DNAJA3","DNAJC19",0.0153846153846153,"LIHC"
"LONP1","DNAJC19",0,"LIHC"
"TRAP1","DNAJC19",0.00621118012422361,"LIHC"
"YME1L1","DNAJC19",0.0103448275862069,"LIHC"
"CLPX","DNAJC19",0.058252427184466,"LIHC"
"AFG3L2","DNAJC19",0.0129310344827587,"LIHC"
"HTRA2","DNAJC19",0.0384615384615385,"LIHC"
"HSPA9","GRPEL2",0.0836236933797909,"LIHC"
"HSPD1","GRPEL2",0.363636363636364,"LIHC"
"HSPE1","GRPEL2",0.143552311435523,"LIHC"
"SPG7","GRPEL2",0.00716845878136196,"LIHC"
"CLPP","GRPEL2",0.019277108433735,"LIHC"
"DNAJA3","GRPEL2",0.123249299719888,"LIHC"
"LONP1","GRPEL2",0.0136518771331059,"LIHC"
"TRAP1","GRPEL2",0.0993975903614459,"LIHC"
"YME1L1","GRPEL2",0.385474860335196,"LIHC"
"CLPX","GRPEL2",0.0395061728395062,"LIHC"
"AFG3L2","GRPEL2",0.230337078651685,"LIHC"
"HTRA2","GRPEL2",0.479289940828402,"LIHC"
"DNAJC19","GRPEL2",0.0162337662337663,"LIHC"
"HSPA9","HSCB",0,"LIHC"
"HSPD1","HSCB",0.0188679245283019,"LIHC"
"HSPE1","HSCB",0.356275303643725,"LIHC"
"SPG7","HSCB",0.00689655172413794,"LIHC"
"CLPP","HSCB",0.447236180904523,"LIHC"
"DNAJA3","HSCB",0,"LIHC"
"LONP1","HSCB",0.0588235294117647,"LIHC"
"TRAP1","HSCB",0,"LIHC"
"YME1L1","HSCB",0,"LIHC"
"CLPX","HSCB",0,"LIHC"
"AFG3L2","HSCB",0,"LIHC"
"HTRA2","HSCB",0.064139941690962,"LIHC"
"DNAJC19","HSCB",0.0229885057471264,"LIHC"
"GRPEL2","HSCB",0.0353260869565217,"LIHC"
"HSPA9","HSPD1",0.18141592920354,"LUAD"
"HSPA9","HSPE1",0.0813953488372093,"LUAD"
"HSPD1","HSPE1",0.439024390243902,"LUAD"
"HSPA9","SPG7",0.00657894736842102,"LUAD"
"HSPD1","SPG7",0.00645161290322582,"LUAD"
"HSPE1","SPG7",0.00724637681159424,"LUAD"
"HSPA9","CLPP",0.0104712041884816,"LUAD"
"HSPD1","CLPP",0.0797546012269938,"LUAD"
"HSPE1","CLPP",0.228494623655914,"LUAD"
"SPG7","CLPP",0.00847457627118653,"LUAD"
"HSPA9","DNAJA3",0.0642201834862386,"LUAD"
"HSPD1","DNAJA3",0.0826771653543307,"LUAD"
"HSPE1","DNAJA3",0.12094395280236,"LUAD"
"SPG7","DNAJA3",0.0387096774193548,"LUAD"
"CLPP","DNAJA3",0.0923913043478262,"LUAD"
"HSPA9","LONP1",0.0403225806451613,"LUAD"
"HSPD1","LONP1",0.0746268656716418,"LUAD"
"HSPE1","LONP1",0.0679347826086956,"LUAD"
"SPG7","LONP1",0.16,"LUAD"
"CLPP","LONP1",0.144385026737968,"LUAD"
"DNAJA3","LONP1",0.096,"LUAD"
"HSPA9","TRAP1",0.135135135135135,"LUAD"
"HSPD1","TRAP1",0.126482213438735,"LUAD"
"HSPE1","TRAP1",0.123919308357349,"LUAD"
"SPG7","TRAP1",0.062111801242236,"LUAD"
"CLPP","TRAP1",0.0445544554455446,"LUAD"
"DNAJA3","TRAP1",0.410526315789474,"LUAD"
"LONP1","TRAP1",0.185483870967742,"LUAD"
"HSPA9","YME1L1",0.11965811965812,"LUAD"
"HSPD1","YME1L1",0.234042553191489,"LUAD"
"HSPE1","YME1L1",0.0675675675675675,"LUAD"
"SPG7","YME1L1",0,"LUAD"
"CLPP","YME1L1",0,"LUAD"
"DNAJA3","YME1L1",0.00724637681159424,"LUAD"
"LONP1","YME1L1",0.00662251655629142,"LUAD"
"TRAP1","YME1L1",0.0275862068965518,"LUAD"
"HSPA9","CLPX",0.0581395348837209,"LUAD"
"HSPD1","CLPX",0.0460251046025104,"LUAD"
"HSPE1","CLPX",0.0113960113960114,"LUAD"
"SPG7","CLPX",0,"LUAD"
"CLPP","CLPX",0,"LUAD"
"DNAJA3","CLPX",0,"LUAD"
"LONP1","CLPX",0,"LUAD"
"TRAP1","CLPX",0.0380952380952381,"LUAD"
"YME1L1","CLPX",0.2,"LUAD"
"HSPA9","AFG3L2",0.0933333333333333,"LUAD"
"HSPD1","AFG3L2",0.0711111111111111,"LUAD"
"HSPE1","AFG3L2",0.00874635568513127,"LUAD"
"SPG7","AFG3L2",0,"LUAD"
"CLPP","AFG3L2",0,"LUAD"
"DNAJA3","AFG3L2",0,"LUAD"
"LONP1","AFG3L2",0.00980392156862742,"LUAD"
"TRAP1","AFG3L2",0.0309278350515464,"LUAD"
"YME1L1","AFG3L2",0.179775280898876,"LUAD"
"CLPX","AFG3L2",0.140350877192982,"LUAD"
"HSPA9","HTRA2",0.0271739130434782,"LUAD"
"HSPD1","HTRA2",0.195876288659794,"LUAD"
"HSPE1","HTRA2",0.28328611898017,"LUAD"
"SPG7","HTRA2",0.0308370044052864,"LUAD"
"CLPP","HTRA2",0.268518518518518,"LUAD"
"DNAJA3","HTRA2",0.145348837209302,"LUAD"
"LONP1","HTRA2",0.147540983606557,"LUAD"
"TRAP1","HTRA2",0.106951871657754,"LUAD"
"YME1L1","HTRA2",0.014354066985646,"LUAD"
"CLPX","HTRA2",0,"LUAD"
"AFG3L2","HTRA2",0,"LUAD"
"HSPA9","DNAJC19",0.0194174757281553,"LUAD"
"HSPD1","DNAJC19",0.0645161290322581,"LUAD"
"HSPE1","DNAJC19",0.091715976331361,"LUAD"
"SPG7","DNAJC19",0,"LUAD"
"CLPP","DNAJC19",0.021505376344086,"LUAD"
"DNAJA3","DNAJC19",0.0180180180180181,"LUAD"
"LONP1","DNAJC19",0,"LUAD"
"TRAP1","DNAJC19",0.00819672131147542,"LUAD"
"YME1L1","DNAJC19",0.0491803278688525,"LUAD"
"CLPX","DNAJC19",0.0232558139534883,"LUAD"
"AFG3L2","DNAJC19",0.0128205128205128,"LUAD"
"HTRA2","DNAJC19",0.0391061452513968,"LUAD"
"HSPA9","GRPEL2",0.166666666666667,"LUAD"
"HSPD1","GRPEL2",0.147321428571429,"LUAD"
"HSPE1","GRPEL2",0.0647058823529413,"LUAD"
"SPG7","GRPEL2",0,"LUAD"
"CLPP","GRPEL2",0,"LUAD"
"DNAJA3","GRPEL2",0,"LUAD"
"LONP1","GRPEL2",0.00847457627118653,"LUAD"
"TRAP1","GRPEL2",0.0175438596491229,"LUAD"
"YME1L1","GRPEL2",0.247422680412371,"LUAD"
"CLPX","GRPEL2",0.0384615384615385,"LUAD"
"AFG3L2","GRPEL2",0.0909090909090909,"LUAD"
"HTRA2","GRPEL2",0.0228571428571428,"LUAD"
"DNAJC19","GRPEL2",0.0919540229885056,"LUAD"
"HSPA9","HSCB",0,"LUAD"
"HSPD1","HSCB",0.067741935483871,"LUAD"
"HSPE1","HSCB",0.249283667621777,"LUAD"
"SPG7","HSCB",0,"LUAD"
"CLPP","HSCB",0.278606965174129,"LUAD"
"DNAJA3","HSCB",0.0227272727272727,"LUAD"
"LONP1","HSCB",0.026595744680851,"LUAD"
"TRAP1","HSCB",0.00529100529100535,"LUAD"
"YME1L1","HSCB",0,"LUAD"
"CLPX","HSCB",0,"LUAD"
"AFG3L2","HSCB",0,"LUAD"
"HTRA2","HSCB",0.13963963963964,"LUAD"
"DNAJC19","HSCB",0.0180722891566265,"LUAD"
"GRPEL2","HSCB",0,"LUAD"
"HSPA9","HSPD1",0.335526315789474,"LUSC"
"HSPA9","HSPE1",0.107382550335571,"LUSC"
"HSPD1","HSPE1",0.325657894736842,"LUSC"
"HSPA9","SPG7",0.00800000000000012,"LUSC"
"HSPD1","SPG7",0,"LUSC"
"HSPE1","SPG7",0,"LUSC"
"HSPA9","CLPP",0.0617283950617283,"LUSC"
"HSPD1","CLPP",0.123853211009174,"LUSC"
"HSPE1","CLPP",0.2,"LUSC"
"SPG7","CLPP",0.00598802395209574,"LUSC"
"HSPA9","DNAJA3",0.132867132867133,"LUSC"
"HSPD1","DNAJA3",0.186868686868687,"LUSC"
"HSPE1","DNAJA3",0.190789473684211,"LUSC"
"SPG7","DNAJA3",0.00636942675159224,"LUSC"
"CLPP","DNAJA3",0.159090909090909,"LUSC"
"HSPA9","LONP1",0.0442477876106194,"LUSC"
"HSPD1","LONP1",0.0380434782608695,"LUSC"
"HSPE1","LONP1",0.00632911392405067,"LUSC"
"SPG7","LONP1",0.0363636363636364,"LUSC"
"CLPP","LONP1",0.142857142857143,"LUSC"
"DNAJA3","LONP1",0.0273972602739727,"LUSC"
"HSPA9","TRAP1",0.248062015503876,"LUSC"
"HSPD1","TRAP1",0.352601156069364,"LUSC"
"HSPE1","TRAP1",0.164516129032258,"LUSC"
"SPG7","TRAP1",0.00641025641025639,"LUSC"
"CLPP","TRAP1",0.127777777777778,"LUSC"
"DNAJA3","TRAP1",0.34965034965035,"LUSC"
"LONP1","TRAP1",0.0567375886524824,"LUSC"
"HSPA9","YME1L1",0,"LUSC"
"HSPD1","YME1L1",0.0138888888888888,"LUSC"
"HSPE1","YME1L1",0.0148698884758365,"LUSC"
"SPG7","YME1L1",0,"LUSC"
"CLPP","YME1L1",0,"LUSC"
"DNAJA3","YME1L1",0,"LUSC"
"LONP1","YME1L1",0,"LUSC"
"TRAP1","YME1L1",0.00970873786407778,"LUSC"
"HSPA9","CLPX",0.0499999999999999,"LUSC"
"HSPD1","CLPX",0.0194805194805194,"LUSC"
"HSPE1","CLPX",0.0252707581227436,"LUSC"
"SPG7","CLPX",0,"LUSC"
"CLPP","CLPX",0.024390243902439,"LUSC"
"DNAJA3","CLPX",0.0357142857142857,"LUSC"
"LONP1","CLPX",0.0140845070422536,"LUSC"
"TRAP1","CLPX",0.0267857142857143,"LUSC"
"YME1L1","CLPX",0,"LUSC"
"HSPA9","AFG3L2",0.282828282828283,"LUSC"
"HSPD1","AFG3L2",0.197604790419162,"LUSC"
"HSPE1","AFG3L2",0.0447284345047922,"LUSC"
"SPG7","AFG3L2",0,"LUSC"
"CLPP","AFG3L2",0.069620253164557,"LUSC"
"DNAJA3","AFG3L2",0.104166666666667,"LUSC"
"LONP1","AFG3L2",0.138613861386139,"LUSC"
"TRAP1","AFG3L2",0.224806201550388,"LUSC"
"YME1L1","AFG3L2",0,"LUSC"
"CLPX","AFG3L2",0.0384615384615385,"LUSC"
"HSPA9","HTRA2",0.0535714285714285,"LUSC"
"HSPD1","HTRA2",0.143712574850299,"LUSC"
"HSPE1","HTRA2",0.119718309859155,"LUSC"
"SPG7","HTRA2",0.00884955752212391,"LUSC"
"CLPP","HTRA2",0.111111111111111,"LUSC"
"DNAJA3","HTRA2",0.0869565217391304,"LUSC"
"LONP1","HTRA2",0.00952380952380949,"LUSC"
"TRAP1","HTRA2",0.0955882352941176,"LUSC"
"YME1L1","HTRA2",0,"LUSC"
"CLPX","HTRA2",0,"LUSC"
"AFG3L2","HTRA2",0.0360360360360361,"LUSC"
"HSPA9","DNAJC19",0.10958904109589,"LUSC"
"HSPD1","DNAJC19",0.252365930599369,"LUSC"
"HSPE1","DNAJC19",0.443526170798898,"LUSC"
"SPG7","DNAJC19",0.00628930817610063,"LUSC"
"CLPP","DNAJC19",0.240677966101695,"LUSC"
"DNAJA3","DNAJC19",0.198653198653199,"LUSC"
"LONP1","DNAJC19",0.0612244897959184,"LUSC"
"TRAP1","DNAJC19",0.156351791530945,"LUSC"
"YME1L1","DNAJC19",0.00375939849624063,"LUSC"
"CLPX","DNAJC19",0.033457249070632,"LUSC"
"AFG3L2","DNAJC19",0.134275618374558,"LUSC"
"HTRA2","DNAJC19",0.130434782608696,"LUSC"
"HSPA9","GRPEL2",0.185430463576159,"LUSC"
"HSPD1","GRPEL2",0.217391304347826,"LUSC"
"HSPE1","GRPEL2",0.293515358361775,"LUSC"
"SPG7","GRPEL2",0,"LUSC"
"CLPP","GRPEL2",0.110552763819095,"LUSC"
"DNAJA3","GRPEL2",0.205714285714286,"LUSC"
"LONP1","GRPEL2",0,"LUSC"
"TRAP1","GRPEL2",0.117021276595745,"LUSC"
"YME1L1","GRPEL2",0,"LUSC"
"CLPX","GRPEL2",0.0390624999999999,"LUSC"
"AFG3L2","GRPEL2",0.0538922155688623,"LUSC"
"HTRA2","GRPEL2",0.0915032679738562,"LUSC"
"DNAJC19","GRPEL2",0.268707482993197,"LUSC"
"HSPA9","HSCB",0.00769230769230766,"LUSC"
"HSPD1","HSCB",0.0461538461538461,"LUSC"
"HSPE1","HSCB",0.149305555555556,"LUSC"
"SPG7","HSCB",0.00793650793650791,"LUSC"
"CLPP","HSCB",0.138157894736842,"LUSC"
"DNAJA3","HSCB",0.0866666666666667,"LUSC"
"LONP1","HSCB",0.0170940170940171,"LUSC"
"TRAP1","HSCB",0.0188679245283019,"LUSC"
"YME1L1","HSCB",0,"LUSC"
"CLPX","HSCB",0.011904761904762,"LUSC"
"AFG3L2","HSCB",0,"LUSC"
"HTRA2","HSCB",0.11214953271028,"LUSC"
"DNAJC19","HSCB",0.124567474048443,"LUSC"
"GRPEL2","HSCB",0.0650887573964497,"LUSC"
"HSPA9","HSPD1",0.544169611307421,"PRAD"
"HSPA9","HSPE1",0.0754352030947776,"PRAD"
"HSPD1","HSPE1",0.151315789473684,"PRAD"
"HSPA9","SPG7",0,"PRAD"
"HSPD1","SPG7",0,"PRAD"
"HSPE1","SPG7",0.0831295843520783,"PRAD"
"HSPA9","CLPP",0.0192307692307693,"PRAD"
"HSPD1","CLPP",0.0614035087719298,"PRAD"
"HSPE1","CLPP",0.577342047930283,"PRAD"
"SPG7","CLPP",0.205069124423963,"PRAD"
"HSPA9","DNAJA3",0.516483516483517,"PRAD"
"HSPD1","DNAJA3",0.513833992094862,"PRAD"
"HSPE1","DNAJA3",0.0842332613390929,"PRAD"
"SPG7","DNAJA3",0,"PRAD"
"CLPP","DNAJA3",0.0300884955752212,"PRAD"
"HSPA9","LONP1",0.0174825174825175,"PRAD"
"HSPD1","LONP1",0.0455407969639469,"PRAD"
"HSPE1","LONP1",0.479028697571744,"PRAD"
"SPG7","LONP1",0.240740740740741,"PRAD"
"CLPP","LONP1",0.768867924528302,"PRAD"
"DNAJA3","LONP1",0.0455445544554456,"PRAD"
"HSPA9","TRAP1",0.44649446494465,"PRAD"
"HSPD1","TRAP1",0.516806722689076,"PRAD"
"HSPE1","TRAP1",0.0596026490066225,"PRAD"
"SPG7","TRAP1",0,"PRAD"
"CLPP","TRAP1",0.033210332103321,"PRAD"
"DNAJA3","TRAP1",0.601895734597156,"PRAD"
"LONP1","TRAP1",0.049792531120332,"PRAD"
"HSPA9","YME1L1",0.506410256410256,"PRAD"
"HSPD1","YME1L1",0.250712250712251,"PRAD"
"HSPE1","YME1L1",0.00540540540540535,"PRAD"
"SPG7","YME1L1",0,"PRAD"
"CLPP","YME1L1",0,"PRAD"
"DNAJA3","YME1L1",0.291925465838509,"PRAD"
"LONP1","YME1L1",0,"PRAD"
"TRAP1","YME1L1",0.238993710691824,"PRAD"
"HSPA9","CLPX",0.598039215686274,"PRAD"
"HSPD1","CLPX",0.331395348837209,"PRAD"
"HSPE1","CLPX",0.012280701754386,"PRAD"
"SPG7","CLPX",0,"PRAD"
"CLPP","CLPX",0,"PRAD"
"DNAJA3","CLPX",0.376582278481013,"PRAD"
"LONP1","CLPX",0.00166112956810627,"PRAD"
"TRAP1","CLPX",0.327974276527331,"PRAD"
"YME1L1","CLPX",0.747330960854093,"PRAD"
"HSPA9","AFG3L2",0.661870503597122,"PRAD"
"HSPD1","AFG3L2",0.359621451104101,"PRAD"
"HSPE1","AFG3L2",0.0166358595194085,"PRAD"
"SPG7","AFG3L2",0,"PRAD"
"CLPP","AFG3L2",0.00158982511923689,"PRAD"
"DNAJA3","AFG3L2",0.387755102040816,"PRAD"
"LONP1","AFG3L2",0.0052356020942409,"PRAD"
"TRAP1","AFG3L2",0.363957597173145,"PRAD"
"YME1L1","AFG3L2",0.693430656934307,"PRAD"
"CLPX","AFG3L2",0.756363636363636,"PRAD"
"HSPA9","HTRA2",0.0558375634517766,"PRAD"
"HSPD1","HTRA2",0.145833333333333,"PRAD"
"HSPE1","HTRA2",0.269521410579345,"PRAD"
"SPG7","HTRA2",0.0978260869565217,"PRAD"
"CLPP","HTRA2",0.277899343544858,"PRAD"
"DNAJA3","HTRA2",0.113846153846154,"PRAD"
"LONP1","HTRA2",0.292682926829268,"PRAD"
"TRAP1","HTRA2",0.133333333333333,"PRAD"
"YME1L1","HTRA2",0,"PRAD"
"CLPX","HTRA2",0.0115740740740741,"PRAD"
"AFG3L2","HTRA2",0.0199004975124378,"PRAD"
"HSPA9","DNAJC19",0.0559284116331097,"PRAD"
"HSPD1","DNAJC19",0.116455696202532,"PRAD"
"HSPE1","DNAJC19",0.637426900584795,"PRAD"
"SPG7","DNAJC19",0.0621301775147929,"PRAD"
"CLPP","DNAJC19",0.428571428571428,"PRAD"
"DNAJA3","DNAJC19",0.0690537084398977,"PRAD"
"LONP1","DNAJC19",0.350230414746544,"PRAD"
"TRAP1","DNAJC19",0.0393700787401575,"PRAD"
"YME1L1","DNAJC19",0.00636942675159224,"PRAD"
"CLPX","DNAJC19",0.00817995910020441,"PRAD"
"AFG3L2","DNAJC19",0.0086580086580087,"PRAD"
"HTRA2","DNAJC19",0.210374639769452,"PRAD"
"HSPA9","GRPEL2",0.708812260536398,"PRAD"
"HSPD1","GRPEL2",0.525735294117647,"PRAD"
"HSPE1","GRPEL2",0.0553359683794467,"PRAD"
"SPG7","GRPEL2",0,"PRAD"
"CLPP","GRPEL2",0.00655737704918036,"PRAD"
"DNAJA3","GRPEL2",0.468164794007491,"PRAD"
"LONP1","GRPEL2",0.00900900900900914,"PRAD"
"TRAP1","GRPEL2",0.423076923076923,"PRAD"
"YME1L1","GRPEL2",0.449838187702265,"PRAD"
"CLPX","GRPEL2",0.551495016611296,"PRAD"
"AFG3L2","GRPEL2",0.594202898550725,"PRAD"
"HTRA2","GRPEL2",0.0677506775067751,"PRAD"
"DNAJC19","GRPEL2",0.0440835266821347,"PRAD"
"HSPA9","HSCB",0.00173913043478258,"PRAD"
"HSPD1","HSCB",0.0321969696969697,"PRAD"
"HSPE1","HSCB",0.540603248259861,"PRAD"
"SPG7","HSCB",0.212041884816754,"PRAD"
"CLPP","HSCB",0.742388758782201,"PRAD"
"DNAJA3","HSCB",0.00191938579654516,"PRAD"
"LONP1","HSCB",0.646778042959427,"PRAD"
"TRAP1","HSCB",0.016260162601626,"PRAD"
"YME1L1","HSCB",0,"PRAD"
"CLPX","HSCB",0.0016778523489932,"PRAD"
"AFG3L2","HSCB",0.00175746924428821,"PRAD"
"HTRA2","HSCB",0.256594724220624,"PRAD"
"DNAJC19","HSCB",0.418092909535452,"PRAD"
"GRPEL2","HSCB",0.00180831826401451,"PRAD"
"HSPA9","HSPD1",0.65962441314554,"STAD"
"HSPA9","HSPE1",0.359464627151052,"STAD"
"HSPD1","HSPE1",0.521739130434783,"STAD"
"HSPA9","SPG7",0,"STAD"
"HSPD1","SPG7",0.00735294117647056,"STAD"
"HSPE1","SPG7",0.00241545893719808,"STAD"
"HSPA9","CLPP",0.166336633663366,"STAD"
"HSPD1","CLPP",0.202226345083488,"STAD"
"HSPE1","CLPP",0.270955165692008,"STAD"
"SPG7","CLPP",0,"STAD"
"HSPA9","DNAJA3",0.4375,"STAD"
"HSPD1","DNAJA3",0.431151241534989,"STAD"
"HSPE1","DNAJA3",0.24853228962818,"STAD"
"SPG7","DNAJA3",0.0145454545454545,"STAD"
"CLPP","DNAJA3",0.252427184466019,"STAD"
"HSPA9","LONP1",0.262086513994911,"STAD"
"HSPD1","LONP1",0.247191011235955,"STAD"
"HSPE1","LONP1",0.127016129032258,"STAD"
"SPG7","LONP1",0.0362694300518135,"STAD"
"CLPP","LONP1",0.266666666666667,"STAD"
"DNAJA3","LONP1",0.45360824742268,"STAD"
"HSPA9","TRAP1",0.498783454987834,"STAD"
"HSPD1","TRAP1",0.473799126637555,"STAD"
"HSPE1","TRAP1",0.257407407407407,"STAD"
"SPG7","TRAP1",0.00946372239747639,"STAD"
"CLPP","TRAP1",0.286374133949192,"STAD"
"DNAJA3","TRAP1",0.675925925925926,"STAD"
"LONP1","TRAP1",0.432098765432099,"STAD"
"HSPA9","YME1L1",0.239067055393586,"STAD"
"HSPD1","YME1L1",0.192118226600985,"STAD"
"HSPE1","YME1L1",0.0990990990990991,"STAD"
"SPG7","YME1L1",0.0157480314960631,"STAD"
"CLPP","YME1L1",0.00826446280991733,"STAD"
"DNAJA3","YME1L1",0.131832797427653,"STAD"
"LONP1","YME1L1",0.100806451612903,"STAD"
"TRAP1","YME1L1",0.152492668621701,"STAD"
"HSPA9","CLPX",0.295264623955432,"STAD"
"HSPD1","CLPX",0.224299065420561,"STAD"
"HSPE1","CLPX",0.0909090909090909,"STAD"
"SPG7","CLPX",0,"STAD"
"CLPP","CLPX",0.0124688279301745,"STAD"
"DNAJA3","CLPX",0.132947976878613,"STAD"
"LONP1","CLPX",0.109929078014184,"STAD"
"TRAP1","CLPX",0.17983651226158,"STAD"
"YME1L1","CLPX",0.423529411764706,"STAD"
"HSPA9","AFG3L2",0.416184971098266,"STAD"
"HSPD1","AFG3L2",0.32289156626506,"STAD"
"HSPE1","AFG3L2",0.144927536231884,"STAD"
"SPG7","AFG3L2",0.00518134715025909,"STAD"
"CLPP","AFG3L2",0.0721393034825871,"STAD"
"DNAJA3","AFG3L2",0.385382059800664,"STAD"
"LONP1","AFG3L2",0.251851851851852,"STAD"
"TRAP1","AFG3L2",0.379518072289157,"STAD"
"YME1L1","AFG3L2",0.271428571428571,"STAD"
"CLPX","AFG3L2",0.268595041322314,"STAD"
"HSPA9","HTRA2",0.0752941176470587,"STAD"
"HSPD1","HTRA2",0.109677419354839,"STAD"
"HSPE1","HTRA2",0.0766045548654245,"STAD"
"SPG7","HTRA2",0.0125786163522013,"STAD"
"CLPP","HTRA2",0.279742765273312,"STAD"
"DNAJA3","HTRA2",0.222929936305732,"STAD"
"LONP1","HTRA2",0.25,"STAD"
"TRAP1","HTRA2",0.214285714285714,"STAD"
"YME1L1","HTRA2",0,"STAD"
"CLPX","HTRA2",0.00366300366300376,"STAD"
"AFG3L2","HTRA2",0.0528169014084507,"STAD"
"HSPA9","DNAJC19",0.117391304347826,"STAD"
"HSPD1","DNAJC19",0.181443298969072,"STAD"
"HSPE1","DNAJC19",0.424691358024691,"STAD"
"SPG7","DNAJC19",0.00460829493087556,"STAD"
"CLPP","DNAJC19",0.197368421052632,"STAD"
"DNAJA3","DNAJC19",0.0376470588235295,"STAD"
"LONP1","DNAJC19",0.00555555555555554,"STAD"
"TRAP1","DNAJC19",0.0387931034482758,"STAD"
"YME1L1","DNAJC19",0.0139372822299653,"STAD"
"CLPX","DNAJC19",0.0122324159021406,"STAD"
"AFG3L2","DNAJC19",0.0171428571428572,"STAD"
"HTRA2","DNAJC19",0.0286624203821656,"STAD"
"HSPA9","GRPEL2",0.361764705882353,"STAD"
"HSPD1","GRPEL2",0.292079207920792,"STAD"
"HSPE1","GRPEL2",0.150984682713348,"STAD"
"SPG7","GRPEL2",0.00602409638554224,"STAD"
"CLPP","GRPEL2",0.0227848101265823,"STAD"
"DNAJA3","GRPEL2",0.167664670658683,"STAD"
"LONP1","GRPEL2",0.126811594202899,"STAD"
"TRAP1","GRPEL2",0.217514124293785,"STAD"
"YME1L1","GRPEL2",0.428571428571428,"STAD"
"CLPX","GRPEL2",0.481481481481482,"STAD"
"AFG3L2","GRPEL2",0.314655172413793,"STAD"
"HTRA2","GRPEL2",0,"STAD"
"DNAJC19","GRPEL2",0.0378548895899053,"STAD"
"HSPA9","HSCB",0.045673076923077,"STAD"
"HSPD1","HSCB",0.0786026200873363,"STAD"
"HSPE1","HSCB",0.211678832116788,"STAD"
"SPG7","HSCB",0,"STAD"
"CLPP","HSCB",0.201277955271565,"STAD"
"DNAJA3","HSCB",0.0254957507082153,"STAD"
"LONP1","HSCB",0.0179856115107914,"STAD"
"TRAP1","HSCB",0.028061224489796,"STAD"
"YME1L1","HSCB",0,"STAD"
"CLPX","HSCB",0.00398406374501992,"STAD"
"AFG3L2","HSCB",0.00362318840579701,"STAD"
"HTRA2","HSCB",0.0427350427350428,"STAD"
"DNAJC19","HSCB",0.387096774193548,"STAD"
"GRPEL2","HSCB",0.00401606425702816,"STAD"
"HSPA9","HSPD1",0.368600682593857,"THCA"
"HSPA9","HSPE1",0.0273037542662117,"THCA"
"HSPD1","HSPE1",0.0130151843817787,"THCA"
"HSPA9","SPG7",0.0441826215022092,"THCA"
"HSPD1","SPG7",0,"THCA"
"HSPE1","SPG7",0.345486111111111,"THCA"
"HSPA9","CLPP",0.00777604976671853,"THCA"
"HSPD1","CLPP",0.00588235294117656,"THCA"
"HSPE1","CLPP",0.619047619047619,"THCA"
"SPG7","CLPP",0.405821917808219,"THCA"
"HSPA9","DNAJA3",0.611702127659574,"THCA"
"HSPD1","DNAJA3",0.246031746031746,"THCA"
"HSPE1","DNAJA3",0.0599369085173502,"THCA"
"SPG7","DNAJA3",0.120863309352518,"THCA"
"CLPP","DNAJA3",0.0637037037037037,"THCA"
"HSPA9","LONP1",0.0405063291139242,"THCA"
"HSPD1","LONP1",0.0615384615384614,"THCA"
"HSPE1","LONP1",0.223076923076923,"THCA"
"SPG7","LONP1",0.0936329588014981,"THCA"
"CLPP","LONP1",0.297766749379653,"THCA"
"DNAJA3","LONP1",0.108294930875576,"THCA"
"HSPA9","TRAP1",0.312703583061889,"THCA"
"HSPD1","TRAP1",0.46448087431694,"THCA"
"HSPE1","TRAP1",0.00860215053763436,"THCA"
"SPG7","TRAP1",0.00173913043478258,"THCA"
"CLPP","TRAP1",0.0218253968253967,"THCA"
"DNAJA3","TRAP1",0.295890410958904,"THCA"
"LONP1","TRAP1",0.094488188976378,"THCA"
"HSPA9","YME1L1",0.58974358974359,"THCA"
"HSPD1","YME1L1",0.362264150943396,"THCA"
"HSPE1","YME1L1",0,"THCA"
"SPG7","YME1L1",0.0075301204819278,"THCA"
"CLPP","YME1L1",0,"THCA"
"DNAJA3","YME1L1",0.383863080684597,"THCA"
"LONP1","YME1L1",0.00542005420054203,"THCA"
"TRAP1","YME1L1",0.282685512367491,"THCA"
"HSPA9","CLPX",0.342592592592593,"THCA"
"HSPD1","CLPX",0.293103448275862,"THCA"
"HSPE1","CLPX",0,"THCA"
"SPG7","CLPX",0.00495867768595049,"THCA"
"CLPP","CLPX",0,"THCA"
"DNAJA3","CLPX",0.246913580246914,"THCA"
"LONP1","CLPX",0.00649350649350655,"THCA"
"TRAP1","CLPX",0.31304347826087,"THCA"
"YME1L1","CLPX",0.501901140684411,"THCA"
"HSPA9","AFG3L2",0.635204081632653,"THCA"
"HSPD1","AFG3L2",0.234146341463415,"THCA"
"HSPE1","AFG3L2",0.0427728613569321,"THCA"
"SPG7","AFG3L2",0.152974504249292,"THCA"
"CLPP","AFG3L2",0.0300957592339262,"THCA"
"DNAJA3","AFG3L2",0.688836104513064,"THCA"
"LONP1","AFG3L2",0.0466531440162271,"THCA"
"TRAP1","AFG3L2",0.23002421307506,"THCA"
"YME1L1","AFG3L2",0.45873786407767,"THCA"
"CLPX","AFG3L2",0.270588235294118,"THCA"
"HSPA9","HTRA2",0.00193798449612403,"THCA"
"HSPD1","HTRA2",0,"THCA"
"HSPE1","HTRA2",0.251072961373391,"THCA"
"SPG7","HTRA2",0.332046332046332,"THCA"
"CLPP","HTRA2",0.329809725158562,"THCA"
"DNAJA3","HTRA2",0.0262237762237763,"THCA"
"LONP1","HTRA2",0.0980392156862745,"THCA"
"TRAP1","HTRA2",0.024,"THCA"
"YME1L1","HTRA2",0,"THCA"
"CLPX","HTRA2",0.00240963855421683,"THCA"
"AFG3L2","HTRA2",0.0146818923327896,"THCA"
"HSPA9","DNAJC19",0.058047493403694,"THCA"
"HSPD1","DNAJC19",0.0121396054628224,"THCA"
"HSPE1","DNAJC19",0.541740674955595,"THCA"
"SPG7","DNAJC19",0.598360655737705,"THCA"
"CLPP","DNAJC19",0.559726962457338,"THCA"
"DNAJA3","DNAJC19",0.159574468085106,"THCA"
"LONP1","DNAJC19",0.169257340241796,"THCA"
"TRAP1","DNAJC19",0.0276497695852534,"THCA"
"YME1L1","DNAJC19",0.00395256916996045,"THCA"
"CLPX","DNAJC19",0.00718390804597691,"THCA"
"AFG3L2","DNAJC19",0.146649810366625,"THCA"
"HTRA2","DNAJC19",0.322635135135135,"THCA"
"HSPA9","GRPEL2",0.264631043256997,"THCA"
"HSPD1","GRPEL2",0.0553935860058309,"THCA"
"HSPE1","GRPEL2",0.0523364485981308,"THCA"
"SPG7","GRPEL2",0.215970961887477,"THCA"
"CLPP","GRPEL2",0.01669449081803,"THCA"
"DNAJA3","GRPEL2",0.309468822170901,"THCA"
"LONP1","GRPEL2",0.00269541778975746,"THCA"
"TRAP1","GRPEL2",0.0550724637681159,"THCA"
"YME1L1","GRPEL2",0.199475065616798,"THCA"
"CLPX","GRPEL2",0.128205128205128,"THCA"
"AFG3L2","GRPEL2",0.387096774193548,"THCA"
"HTRA2","GRPEL2",0.0551876379690949,"THCA"
"DNAJC19","GRPEL2",0.177469135802469,"THCA"
"HSPA9","HSCB",0,"THCA"
"HSPD1","HSCB",0,"THCA"
"HSPE1","HSCB",0.5720823798627,"THCA"
"SPG7","HSCB",0.397887323943662,"THCA"
"CLPP","HSCB",0.658371040723982,"THCA"
"DNAJA3","HSCB",0.0237037037037037,"THCA"
"LONP1","HSCB",0.198067632850242,"THCA"
"TRAP1","HSCB",0.0145530145530145,"THCA"
"YME1L1","HSCB",0,"THCA"
"CLPX","HSCB",0,"THCA"
"AFG3L2","HSCB",0.0125523012552301,"THCA"
"HTRA2","HSCB",0.42654028436019,"THCA"
"DNAJC19","HSCB",0.545296167247387,"THCA"
"GRPEL2","HSCB",0.0337477797513321,"THCA"
"HSPA9","HSPD1",0.748677248677249,"UCEC"
"HSPA9","HSPE1",0.218061674008811,"UCEC"
"HSPD1","HSPE1",0.303529411764706,"UCEC"
"HSPA9","SPG7",0,"UCEC"
"HSPD1","SPG7",0,"UCEC"
"HSPE1","SPG7",0,"UCEC"
"HSPA9","CLPP",0.0516129032258065,"UCEC"
"HSPD1","CLPP",0.038135593220339,"UCEC"
"HSPE1","CLPP",0.0268817204301076,"UCEC"
"SPG7","CLPP",0.0555555555555556,"UCEC"
"HSPA9","DNAJA3",0.408571428571429,"UCEC"
"HSPD1","DNAJA3",0.342391304347826,"UCEC"
"HSPE1","DNAJA3",0.0692520775623269,"UCEC"
"SPG7","DNAJA3",0,"UCEC"
"CLPP","DNAJA3",0.102739726027397,"UCEC"
"HSPA9","LONP1",0.0684326710816776,"UCEC"
"HSPD1","LONP1",0.0520607375271149,"UCEC"
"HSPE1","LONP1",0.0272479564032697,"UCEC"
"SPG7","LONP1",0.0736842105263158,"UCEC"
"CLPP","LONP1",0.682795698924731,"UCEC"
"DNAJA3","LONP1",0.136200716845878,"UCEC"
"HSPA9","TRAP1",0.224274406332454,"UCEC"
"HSPD1","TRAP1",0.186224489795918,"UCEC"
"HSPE1","TRAP1",0.02,"UCEC"
"SPG7","TRAP1",0.0222222222222223,"UCEC"
"CLPP","TRAP1",0.186234817813765,"UCEC"
"DNAJA3","TRAP1",0.492462311557789,"UCEC"
"LONP1","TRAP1",0.236051502145923,"UCEC"
"HSPA9","YME1L1",0.562347188264059,"UCEC"
"HSPD1","YME1L1",0.513002364066194,"UCEC"
"HSPE1","YME1L1",0.115303983228512,"UCEC"
"SPG7","YME1L1",0,"UCEC"
"CLPP","YME1L1",0,"UCEC"
"DNAJA3","YME1L1",0.289617486338798,"UCEC"
"LONP1","YME1L1",0.00652173913043486,"UCEC"
"TRAP1","YME1L1",0.150649350649351,"UCEC"
"HSPA9","CLPX",0.549397590361446,"UCEC"
"HSPD1","CLPX",0.494199535962877,"UCEC"
"HSPE1","CLPX",0.112033195020747,"UCEC"
"SPG7","CLPX",0,"UCEC"
"CLPP","CLPX",0.00854700854700852,"UCEC"
"DNAJA3","CLPX",0.304109589041096,"UCEC"
"LONP1","CLPX",0.0152173913043478,"UCEC"
"TRAP1","CLPX",0.16710182767624,"UCEC"
"YME1L1","CLPX",0.772079772079772,"UCEC"
"HSPA9","AFG3L2",0.755263157894737,"UCEC"
"HSPD1","AFG3L2",0.686868686868687,"UCEC"
"HSPE1","AFG3L2",0.194029850746269,"UCEC"
"SPG7","AFG3L2",0,"UCEC"
"CLPP","AFG3L2",0.0464135021097046,"UCEC"
"DNAJA3","AFG3L2",0.404494382022472,"UCEC"
"LONP1","AFG3L2",0.0697167755991286,"UCEC"
"TRAP1","AFG3L2",0.236220472440945,"UCEC"
"YME1L1","AFG3L2",0.591133004926108,"UCEC"
"CLPX","AFG3L2",0.540284360189573,"UCEC"
"HSPA9","HTRA2",0.220744680851064,"UCEC"
"HSPD1","HTRA2",0.223404255319149,"UCEC"
"HSPE1","HTRA2",0.113924050632911,"UCEC"
"SPG7","HTRA2",0,"UCEC"
"CLPP","HTRA2",0.125,"UCEC"
"DNAJA3","HTRA2",0.321266968325792,"UCEC"
"LONP1","HTRA2",0.184100418410042,"UCEC"
"TRAP1","HTRA2",0.276699029126214,"UCEC"
"YME1L1","HTRA2",0.111675126903553,"UCEC"
"CLPX","HTRA2",0.105,"UCEC"
"AFG3L2","HTRA2",0.262872628726287,"UCEC"
"HSPA9","DNAJC19",0.263403263403263,"UCEC"
"HSPD1","DNAJC19",0.347394540942928,"UCEC"
"HSPE1","DNAJC19",0.515679442508711,"UCEC"
"SPG7","DNAJC19",0,"UCEC"
"CLPP","DNAJC19",0,"UCEC"
"DNAJA3","DNAJC19",0.0683760683760684,"UCEC"
"LONP1","DNAJC19",0,"UCEC"
"TRAP1","DNAJC19",0.00289855072463774,"UCEC"
"YME1L1","DNAJC19",0.189497716894977,"UCEC"
"CLPX","DNAJC19",0.174496644295302,"UCEC"
"AFG3L2","DNAJC19",0.25629290617849,"UCEC"
"HTRA2","DNAJC19",0.092948717948718,"UCEC"
"HSPA9","GRPEL2",0.591836734693878,"UCEC"
"HSPD1","GRPEL2",0.582278481012658,"UCEC"
"HSPE1","GRPEL2",0.222222222222222,"UCEC"
"SPG7","GRPEL2",0,"UCEC"
"CLPP","GRPEL2",0.00443458980044353,"UCEC"
"DNAJA3","GRPEL2",0.208994708994709,"UCEC"
"LONP1","GRPEL2",0.00674157303370782,"UCEC"
"TRAP1","GRPEL2",0.0835443037974684,"UCEC"
"YME1L1","GRPEL2",0.643051771117166,"UCEC"
"CLPX","GRPEL2",0.618666666666667,"UCEC"
"AFG3L2","GRPEL2",0.531553398058252,"UCEC"
"HTRA2","GRPEL2",0.0958549222797928,"UCEC"
"DNAJC19","GRPEL2",0.304123711340206,"UCEC"
"HSPA9","HSCB",0.00511508951406658,"UCEC"
"HSPD1","HSCB",0.0102564102564102,"UCEC"
"HSPE1","HSCB",0.153225806451613,"UCEC"
"SPG7","HSCB",0.0366972477064219,"UCEC"
"CLPP","HSCB",0.0471698113207547,"UCEC"
"DNAJA3","HSCB",0,"UCEC"
"LONP1","HSCB",0.0187793427230047,"UCEC"
"TRAP1","HSCB",0,"UCEC"
"YME1L1","HSCB",0,"UCEC"
"CLPX","HSCB",0,"UCEC"
"AFG3L2","HSCB",0,"UCEC"
"HTRA2","HSCB",0,"UCEC"
"DNAJC19","HSCB",0.0784313725490197,"UCEC"
"GRPEL2","HSCB",0.00847457627118653,"UCEC"
