"Var1","Var2","value","cancer"
"HSCB","DNAJC19",0.00349956255468067,"BRCA"
"SPG7","DNAJC19",0,"BRCA"
"HTRA2","DNAJC19",0.0026246719160105,"BRCA"
"CLPP","DNAJC19",0.0139982502187227,"BRCA"
"LONP1","DNAJC19",0.00349956255468067,"BRCA"
"AFG3L2","DNAJC19",0,"BRCA"
"YME1L1","DNAJC19",0,"BRCA"
"CLPX","DNAJC19",0,"BRCA"
"HSPA9","DNAJC19",0.00174978127734033,"BRCA"
"GRPEL2","DNAJC19",0,"BRCA"
"HSPD1","DNAJC19",0,"BRCA"
"HSPE1","DNAJC19",0.0078740157480315,"BRCA"
"DNAJA3","DNAJC19",0.00174978127734033,"BRCA"
"TRAP1","DNAJC19",0.000874890638670166,"BRCA"
"SPG7","HSCB",0.00349956255468067,"BRCA"
"HTRA2","HSCB",0.0078740157480315,"BRCA"
"CLPP","HSCB",0.0253718285214348,"BRCA"
"LONP1","HSCB",0.0166229221347332,"BRCA"
"AFG3L2","HSCB",0,"BRCA"
"YME1L1","HSCB",0,"BRCA"
"CLPX","HSCB",0,"BRCA"
"HSPA9","HSCB",0,"BRCA"
"GRPEL2","HSCB",0,"BRCA"
"HSPD1","HSCB",0,"BRCA"
"HSPE1","HSCB",0.0026246719160105,"BRCA"
"DNAJA3","HSCB",0,"BRCA"
"TRAP1","HSCB",0,"BRCA"
"HTRA2","SPG7",0.0507436570428696,"BRCA"
"CLPP","SPG7",0.0568678915135608,"BRCA"
"LONP1","SPG7",0.0621172353455818,"BRCA"
"AFG3L2","SPG7",0.000874890638670166,"BRCA"
"YME1L1","SPG7",0,"BRCA"
"CLPX","SPG7",0,"BRCA"
"HSPA9","SPG7",0,"BRCA"
"GRPEL2","SPG7",0,"BRCA"
"HSPD1","SPG7",0.000874890638670166,"BRCA"
"HSPE1","SPG7",0.005249343832021,"BRCA"
"DNAJA3","SPG7",0.00174978127734033,"BRCA"
"TRAP1","SPG7",0.00349956255468067,"BRCA"
"CLPP","HTRA2",0.118985126859143,"BRCA"
"LONP1","HTRA2",0.110236220472441,"BRCA"
"AFG3L2","HTRA2",0,"BRCA"
"YME1L1","HTRA2",0,"BRCA"
"CLPX","HTRA2",0,"BRCA"
"HSPA9","HTRA2",0,"BRCA"
"GRPEL2","HTRA2",0,"BRCA"
"HSPD1","HTRA2",0.000874890638670166,"BRCA"
"HSPE1","HTRA2",0.0271216097987752,"BRCA"
"DNAJA3","HTRA2",0.005249343832021,"BRCA"
"TRAP1","HTRA2",0.0078740157480315,"BRCA"
"LONP1","CLPP",0.15573053368329,"BRCA"
"AFG3L2","CLPP",0,"BRCA"
"YME1L1","CLPP",0,"BRCA"
"CLPX","CLPP",0,"BRCA"
"HSPA9","CLPP",0,"BRCA"
"GRPEL2","CLPP",0,"BRCA"
"HSPD1","CLPP",0.00962379702537183,"BRCA"
"HSPE1","CLPP",0.0699912510936133,"BRCA"
"DNAJA3","CLPP",0.0139982502187227,"BRCA"
"TRAP1","CLPP",0.0166229221347332,"BRCA"
"AFG3L2","LONP1",0.000874890638670166,"BRCA"
"YME1L1","LONP1",0,"BRCA"
"CLPX","LONP1",0,"BRCA"
"HSPA9","LONP1",0.000874890638670166,"BRCA"
"GRPEL2","LONP1",0,"BRCA"
"HSPD1","LONP1",0.00874890638670166,"BRCA"
"HSPE1","LONP1",0.0411198600174978,"BRCA"
"DNAJA3","LONP1",0.0139982502187227,"BRCA"
"TRAP1","LONP1",0.0192475940507437,"BRCA"
"YME1L1","AFG3L2",0.020997375328084,"BRCA"
"CLPX","AFG3L2",0.0078740157480315,"BRCA"
"HSPA9","AFG3L2",0.00874890638670166,"BRCA"
"GRPEL2","AFG3L2",0.0122484689413823,"BRCA"
"HSPD1","AFG3L2",0.0279965004374453,"BRCA"
"HSPE1","AFG3L2",0.00349956255468067,"BRCA"
"DNAJA3","AFG3L2",0.000874890638670166,"BRCA"
"TRAP1","AFG3L2",0.00349956255468067,"BRCA"
"CLPX","YME1L1",0.0244969378827647,"BRCA"
"HSPA9","YME1L1",0.0122484689413823,"BRCA"
"GRPEL2","YME1L1",0.0174978127734033,"BRCA"
"HSPD1","YME1L1",0.0218722659667542,"BRCA"
"HSPE1","YME1L1",0,"BRCA"
"DNAJA3","YME1L1",0,"BRCA"
"TRAP1","YME1L1",0,"BRCA"
"HSPA9","CLPX",0.0148731408573928,"BRCA"
"GRPEL2","CLPX",0.0174978127734033,"BRCA"
"HSPD1","CLPX",0.00437445319335083,"BRCA"
"HSPE1","CLPX",0,"BRCA"
"DNAJA3","CLPX",0,"BRCA"
"TRAP1","CLPX",0,"BRCA"
"GRPEL2","HSPA9",0.0174978127734033,"BRCA"
"HSPD1","HSPA9",0.0183727034120735,"BRCA"
"HSPE1","HSPA9",0.00437445319335083,"BRCA"
"DNAJA3","HSPA9",0.00874890638670166,"BRCA"
"TRAP1","HSPA9",0.00699912510936133,"BRCA"
"HSPD1","GRPEL2",0.0139982502187227,"BRCA"
"HSPE1","GRPEL2",0.0026246719160105,"BRCA"
"DNAJA3","GRPEL2",0,"BRCA"
"TRAP1","GRPEL2",0.000874890638670166,"BRCA"
"HSPE1","HSPD1",0.0454943132108486,"BRCA"
"DNAJA3","HSPD1",0.00437445319335083,"BRCA"
"TRAP1","HSPD1",0.0122484689413823,"BRCA"
"DNAJA3","HSPE1",0.00612423447069116,"BRCA"
"TRAP1","HSPE1",0.0139982502187227,"BRCA"
"TRAP1","DNAJA3",0.0192475940507437,"BRCA"
"HTRA2","SPG7",0.00962379702537183,"COAD"
"LONP1","SPG7",0.0341207349081365,"COAD"
"DNAJA3","SPG7",0.031496062992126,"COAD"
"CLPP","SPG7",0.0271216097987752,"COAD"
"TRAP1","SPG7",0.0384951881014873,"COAD"
"AFG3L2","SPG7",0,"COAD"
"YME1L1","SPG7",0,"COAD"
"CLPX","SPG7",0,"COAD"
"HSCB","SPG7",0,"COAD"
"DNAJC19","SPG7",0.00174978127734033,"COAD"
"HSPD1","SPG7",0.00174978127734033,"COAD"
"HSPE1","SPG7",0.0026246719160105,"COAD"
"HSPA9","SPG7",0.000874890638670166,"COAD"
"GRPEL2","SPG7",0,"COAD"
"LONP1","HTRA2",0.0594925634295713,"COAD"
"DNAJA3","HTRA2",0.062992125984252,"COAD"
"CLPP","HTRA2",0.0769903762029746,"COAD"
"TRAP1","HTRA2",0.0778652668416448,"COAD"
"AFG3L2","HTRA2",0,"COAD"
"YME1L1","HTRA2",0,"COAD"
"CLPX","HTRA2",0,"COAD"
"HSCB","HTRA2",0.00962379702537183,"COAD"
"DNAJC19","HTRA2",0.00174978127734033,"COAD"
"HSPD1","HTRA2",0.0122484689413823,"COAD"
"HSPE1","HTRA2",0.020997375328084,"COAD"
"HSPA9","HTRA2",0.00349956255468067,"COAD"
"GRPEL2","HTRA2",0,"COAD"
"DNAJA3","LONP1",0.0778652668416448,"COAD"
"CLPP","LONP1",0.119860017497813,"COAD"
"TRAP1","LONP1",0.125109361329834,"COAD"
"AFG3L2","LONP1",0.005249343832021,"COAD"
"YME1L1","LONP1",0,"COAD"
"CLPX","LONP1",0.000874890638670166,"COAD"
"HSCB","LONP1",0.00174978127734033,"COAD"
"DNAJC19","LONP1",0.000874890638670166,"COAD"
"HSPD1","LONP1",0.010498687664042,"COAD"
"HSPE1","LONP1",0.0148731408573928,"COAD"
"HSPA9","LONP1",0.005249343832021,"COAD"
"GRPEL2","LONP1",0,"COAD"
"CLPP","DNAJA3",0.125109361329834,"COAD"
"TRAP1","DNAJA3",0.139982502187227,"COAD"
"AFG3L2","DNAJA3",0,"COAD"
"YME1L1","DNAJA3",0.000874890638670166,"COAD"
"CLPX","DNAJA3",0.000874890638670166,"COAD"
"HSCB","DNAJA3",0.0078740157480315,"COAD"
"DNAJC19","DNAJA3",0.041994750656168,"COAD"
"HSPD1","DNAJA3",0.047244094488189,"COAD"
"HSPE1","DNAJA3",0.0656167979002625,"COAD"
"HSPA9","DNAJA3",0.0288713910761155,"COAD"
"GRPEL2","DNAJA3",0.0078740157480315,"COAD"
"TRAP1","CLPP",0.162729658792651,"COAD"
"AFG3L2","CLPP",0,"COAD"
"YME1L1","CLPP",0,"COAD"
"CLPX","CLPP",0,"COAD"
"HSCB","CLPP",0.0148731408573928,"COAD"
"DNAJC19","CLPP",0.0078740157480315,"COAD"
"HSPD1","CLPP",0.00962379702537183,"COAD"
"HSPE1","CLPP",0.0306211723534558,"COAD"
"HSPA9","CLPP",0.0131233595800525,"COAD"
"GRPEL2","CLPP",0.000874890638670166,"COAD"
"AFG3L2","TRAP1",0.00349956255468067,"COAD"
"YME1L1","TRAP1",0,"COAD"
"CLPX","TRAP1",0,"COAD"
"HSCB","TRAP1",0.00874890638670166,"COAD"
"DNAJC19","TRAP1",0.00874890638670166,"COAD"
"HSPD1","TRAP1",0.0244969378827647,"COAD"
"HSPE1","TRAP1",0.0341207349081365,"COAD"
"HSPA9","TRAP1",0.0227471566054243,"COAD"
"GRPEL2","TRAP1",0.00174978127734033,"COAD"
"YME1L1","AFG3L2",0.0183727034120735,"COAD"
"CLPX","AFG3L2",0.0271216097987752,"COAD"
"HSCB","AFG3L2",0.00962379702537183,"COAD"
"DNAJC19","AFG3L2",0.000874890638670166,"COAD"
"HSPD1","AFG3L2",0.0113735783027122,"COAD"
"HSPE1","AFG3L2",0.005249343832021,"COAD"
"HSPA9","AFG3L2",0.0192475940507437,"COAD"
"GRPEL2","AFG3L2",0.0192475940507437,"COAD"
"CLPX","YME1L1",0.089238845144357,"COAD"
"HSCB","YME1L1",0.0192475940507437,"COAD"
"DNAJC19","YME1L1",0.0559930008748906,"COAD"
"HSPD1","YME1L1",0.0699912510936133,"COAD"
"HSPE1","YME1L1",0.0332458442694663,"COAD"
"HSPA9","YME1L1",0.05249343832021,"COAD"
"GRPEL2","YME1L1",0.10673665791776,"COAD"
"HSCB","CLPX",0.020997375328084,"COAD"
"DNAJC19","CLPX",0.0393700787401575,"COAD"
"HSPD1","CLPX",0.0621172353455818,"COAD"
"HSPE1","CLPX",0.0271216097987752,"COAD"
"HSPA9","CLPX",0.0568678915135608,"COAD"
"GRPEL2","CLPX",0.100612423447069,"COAD"
"DNAJC19","HSCB",0.0437445319335083,"COAD"
"HSPD1","HSCB",0.0586176727909011,"COAD"
"HSPE1","HSCB",0.0656167979002625,"COAD"
"HSPA9","HSCB",0.05249343832021,"COAD"
"GRPEL2","HSCB",0.0446194225721785,"COAD"
"HSPD1","DNAJC19",0.134733158355206,"COAD"
"HSPE1","DNAJC19",0.144356955380577,"COAD"
"HSPA9","DNAJC19",0.0804899387576553,"COAD"
"GRPEL2","DNAJC19",0.109361329833771,"COAD"
"HSPE1","HSPD1",0.163604549431321,"COAD"
"HSPA9","HSPD1",0.136482939632546,"COAD"
"GRPEL2","HSPD1",0.128608923884514,"COAD"
"HSPA9","HSPE1",0.0997375328083989,"COAD"
"GRPEL2","HSPE1",0.0857392825896763,"COAD"
"GRPEL2","HSPA9",0.10673665791776,"COAD"
"GRPEL2","CLPX",0.00174978127734033,"HNSC"
"SPG7","CLPX",0,"HNSC"
"LONP1","CLPX",0,"HNSC"
"HTRA2","CLPX",0,"HNSC"
"CLPP","CLPX",0,"HNSC"
"HSCB","CLPX",0,"HNSC"
"HSPE1","CLPX",0.000874890638670166,"HNSC"
"DNAJC19","CLPX",0.000874890638670166,"HNSC"
"YME1L1","CLPX",0.005249343832021,"HNSC"
"HSPA9","CLPX",0,"HNSC"
"AFG3L2","CLPX",0.000874890638670166,"HNSC"
"DNAJA3","CLPX",0.000874890638670166,"HNSC"
"HSPD1","CLPX",0,"HNSC"
"TRAP1","CLPX",0.000874890638670166,"HNSC"
"SPG7","GRPEL2",0,"HNSC"
"LONP1","GRPEL2",0,"HNSC"
"HTRA2","GRPEL2",0,"HNSC"
"CLPP","GRPEL2",0,"HNSC"
"HSCB","GRPEL2",0,"HNSC"
"HSPE1","GRPEL2",0,"HNSC"
"DNAJC19","GRPEL2",0.000874890638670166,"HNSC"
"YME1L1","GRPEL2",0.000874890638670166,"HNSC"
"HSPA9","GRPEL2",0,"HNSC"
"AFG3L2","GRPEL2",0,"HNSC"
"DNAJA3","GRPEL2",0.000874890638670166,"HNSC"
"HSPD1","GRPEL2",0,"HNSC"
"TRAP1","GRPEL2",0.000874890638670166,"HNSC"
"LONP1","SPG7",0.0752405949256343,"HNSC"
"HTRA2","SPG7",0.0909886264216973,"HNSC"
"CLPP","SPG7",0.0822397200349956,"HNSC"
"HSCB","SPG7",0.123359580052493,"HNSC"
"HSPE1","SPG7",0.109361329833771,"HNSC"
"DNAJC19","SPG7",0.118985126859143,"HNSC"
"YME1L1","SPG7",0,"HNSC"
"HSPA9","SPG7",0.00437445319335083,"HNSC"
"AFG3L2","SPG7",0.00962379702537183,"HNSC"
"DNAJA3","SPG7",0.0376202974628171,"HNSC"
"HSPD1","SPG7",0.0437445319335083,"HNSC"
"TRAP1","SPG7",0.0288713910761155,"HNSC"
"HTRA2","LONP1",0.117235345581802,"HNSC"
"CLPP","LONP1",0.179352580927384,"HNSC"
"HSCB","LONP1",0.183727034120735,"HNSC"
"HSPE1","LONP1",0.182852143482065,"HNSC"
"DNAJC19","LONP1",0.174978127734033,"HNSC"
"YME1L1","LONP1",0,"HNSC"
"HSPA9","LONP1",0.0113735783027122,"HNSC"
"AFG3L2","LONP1",0.0122484689413823,"HNSC"
"DNAJA3","LONP1",0.0341207349081365,"HNSC"
"HSPD1","LONP1",0.0743657042869641,"HNSC"
"TRAP1","LONP1",0.0454943132108486,"HNSC"
"CLPP","HTRA2",0.181102362204724,"HNSC"
"HSCB","HTRA2",0.216972878390201,"HNSC"
"HSPE1","HTRA2",0.242344706911636,"HNSC"
"DNAJC19","HTRA2",0.239720034995626,"HNSC"
"YME1L1","HTRA2",0.00437445319335083,"HNSC"
"HSPA9","HTRA2",0.0341207349081365,"HNSC"
"AFG3L2","HTRA2",0.0437445319335083,"HNSC"
"DNAJA3","HTRA2",0.0971128608923885,"HNSC"
"HSPD1","HTRA2",0.141732283464567,"HNSC"
"TRAP1","HTRA2",0.0918635170603675,"HNSC"
"HSCB","CLPP",0.295713035870516,"HNSC"
"HSPE1","CLPP",0.301837270341207,"HNSC"
"DNAJC19","CLPP",0.270341207349081,"HNSC"
"YME1L1","CLPP",0.00174978127734033,"HNSC"
"HSPA9","CLPP",0.0236220472440945,"HNSC"
"AFG3L2","CLPP",0.0174978127734033,"HNSC"
"DNAJA3","CLPP",0.0507436570428696,"HNSC"
"HSPD1","CLPP",0.110236220472441,"HNSC"
"TRAP1","CLPP",0.0594925634295713,"HNSC"
"HSPE1","HSCB",0.338582677165354,"HNSC"
"DNAJC19","HSCB",0.329833770778653,"HNSC"
"YME1L1","HSCB",0.000874890638670166,"HNSC"
"HSPA9","HSCB",0.0271216097987752,"HNSC"
"AFG3L2","HSCB",0.0227471566054243,"HNSC"
"DNAJA3","HSCB",0.0726159230096238,"HNSC"
"HSPD1","HSCB",0.121609798775153,"HNSC"
"TRAP1","HSCB",0.0708661417322835,"HNSC"
"DNAJC19","HSPE1",0.353455818022747,"HNSC"
"YME1L1","HSPE1",0.00437445319335083,"HNSC"
"HSPA9","HSPE1",0.0454943132108486,"HNSC"
"AFG3L2","HSPE1",0.0481189851268591,"HNSC"
"DNAJA3","HSPE1",0.10586176727909,"HNSC"
"HSPD1","HSPE1",0.171478565179353,"HNSC"
"TRAP1","HSPE1",0.108486439195101,"HNSC"
"YME1L1","DNAJC19",0.0148731408573928,"HNSC"
"HSPA9","DNAJC19",0.0638670166229221,"HNSC"
"AFG3L2","DNAJC19",0.0656167979002625,"HNSC"
"DNAJA3","DNAJC19",0.125109361329834,"HNSC"
"HSPD1","DNAJC19",0.170603674540682,"HNSC"
"TRAP1","DNAJC19",0.124234470691164,"HNSC"
"HSPA9","YME1L1",0.0271216097987752,"HNSC"
"AFG3L2","YME1L1",0.0332458442694663,"HNSC"
"DNAJA3","YME1L1",0.0341207349081365,"HNSC"
"HSPD1","YME1L1",0.0297462817147857,"HNSC"
"TRAP1","YME1L1",0.0358705161854768,"HNSC"
"AFG3L2","HSPA9",0.0673665791776028,"HNSC"
"DNAJA3","HSPA9",0.0778652668416448,"HNSC"
"HSPD1","HSPA9",0.0673665791776028,"HNSC"
"TRAP1","HSPA9",0.0778652668416448,"HNSC"
"DNAJA3","AFG3L2",0.0901137357830271,"HNSC"
"HSPD1","AFG3L2",0.0778652668416448,"HNSC"
"TRAP1","AFG3L2",0.0979877515310586,"HNSC"
"HSPD1","DNAJA3",0.125109361329834,"HNSC"
"TRAP1","DNAJA3",0.134733158355206,"HNSC"
"TRAP1","HSPD1",0.136482939632546,"HNSC"
"GRPEL2","SPG7",0.0271216097987752,"KIRC"
"HSCB","SPG7",0.00349956255468067,"KIRC"
"DNAJC19","SPG7",0.005249343832021,"KIRC"
"LONP1","SPG7",0.0236220472440945,"KIRC"
"HSPE1","SPG7",0.0166229221347332,"KIRC"
"CLPP","SPG7",0.00962379702537183,"KIRC"
"HTRA2","SPG7",0.000874890638670166,"KIRC"
"YME1L1","SPG7",0.000874890638670166,"KIRC"
"CLPX","SPG7",0.00874890638670166,"KIRC"
"AFG3L2","SPG7",0.00349956255468067,"KIRC"
"TRAP1","SPG7",0.0113735783027122,"KIRC"
"DNAJA3","SPG7",0.015748031496063,"KIRC"
"HSPA9","SPG7",0.00174978127734033,"KIRC"
"HSPD1","SPG7",0,"KIRC"
"HSCB","GRPEL2",0,"KIRC"
"DNAJC19","GRPEL2",0.0026246719160105,"KIRC"
"LONP1","GRPEL2",0,"KIRC"
"HSPE1","GRPEL2",0,"KIRC"
"CLPP","GRPEL2",0,"KIRC"
"HTRA2","GRPEL2",0.00174978127734033,"KIRC"
"YME1L1","GRPEL2",0.0174978127734033,"KIRC"
"CLPX","GRPEL2",0.0236220472440945,"KIRC"
"AFG3L2","GRPEL2",0.0183727034120735,"KIRC"
"TRAP1","GRPEL2",0.00699912510936133,"KIRC"
"DNAJA3","GRPEL2",0.00437445319335083,"KIRC"
"HSPA9","GRPEL2",0.00874890638670166,"KIRC"
"HSPD1","GRPEL2",0.00174978127734033,"KIRC"
"DNAJC19","HSCB",0.0139982502187227,"KIRC"
"LONP1","HSCB",0.0131233595800525,"KIRC"
"HSPE1","HSCB",0.0437445319335083,"KIRC"
"CLPP","HSCB",0.062992125984252,"KIRC"
"HTRA2","HSCB",0.010498687664042,"KIRC"
"YME1L1","HSCB",0,"KIRC"
"CLPX","HSCB",0,"KIRC"
"AFG3L2","HSCB",0,"KIRC"
"TRAP1","HSCB",0.00349956255468067,"KIRC"
"DNAJA3","HSCB",0.00349956255468067,"KIRC"
"HSPA9","HSCB",0,"KIRC"
"HSPD1","HSCB",0.00174978127734033,"KIRC"
"LONP1","DNAJC19",0.015748031496063,"KIRC"
"HSPE1","DNAJC19",0.0743657042869641,"KIRC"
"CLPP","DNAJC19",0.041994750656168,"KIRC"
"HTRA2","DNAJC19",0.0078740157480315,"KIRC"
"YME1L1","DNAJC19",0.0139982502187227,"KIRC"
"CLPX","DNAJC19",0.031496062992126,"KIRC"
"AFG3L2","DNAJC19",0.047244094488189,"KIRC"
"TRAP1","DNAJC19",0.05249343832021,"KIRC"
"DNAJA3","DNAJC19",0.0752405949256343,"KIRC"
"HSPA9","DNAJC19",0.0542432195975503,"KIRC"
"HSPD1","DNAJC19",0.05249343832021,"KIRC"
"HSPE1","LONP1",0.0717410323709536,"KIRC"
"CLPP","LONP1",0.062992125984252,"KIRC"
"HTRA2","LONP1",0.000874890638670166,"KIRC"
"YME1L1","LONP1",0,"KIRC"
"CLPX","LONP1",0.00174978127734033,"KIRC"
"AFG3L2","LONP1",0.005249343832021,"KIRC"
"TRAP1","LONP1",0.0139982502187227,"KIRC"
"DNAJA3","LONP1",0.0376202974628171,"KIRC"
"HSPA9","LONP1",0.00699912510936133,"KIRC"
"HSPD1","LONP1",0.00962379702537183,"KIRC"
"CLPP","HSPE1",0.141732283464567,"KIRC"
"HTRA2","HSPE1",0.00174978127734033,"KIRC"
"YME1L1","HSPE1",0,"KIRC"
"CLPX","HSPE1",0.00437445319335083,"KIRC"
"AFG3L2","HSPE1",0.0148731408573928,"KIRC"
"TRAP1","HSPE1",0.0279965004374453,"KIRC"
"DNAJA3","HSPE1",0.0769903762029746,"KIRC"
"HSPA9","HSPE1",0.036745406824147,"KIRC"
"HSPD1","HSPE1",0.0437445319335083,"KIRC"
"HTRA2","CLPP",0.00874890638670166,"KIRC"
"YME1L1","CLPP",0,"KIRC"
"CLPX","CLPP",0,"KIRC"
"AFG3L2","CLPP",0.000874890638670166,"KIRC"
"TRAP1","CLPP",0.0078740157480315,"KIRC"
"DNAJA3","CLPP",0.0297462817147857,"KIRC"
"HSPA9","CLPP",0.00174978127734033,"KIRC"
"HSPD1","CLPP",0.00699912510936133,"KIRC"
"YME1L1","HTRA2",0.0148731408573928,"KIRC"
"CLPX","HTRA2",0.00874890638670166,"KIRC"
"AFG3L2","HTRA2",0.020997375328084,"KIRC"
"TRAP1","HTRA2",0.0236220472440945,"KIRC"
"DNAJA3","HTRA2",0.0131233595800525,"KIRC"
"HSPA9","HTRA2",0.00612423447069116,"KIRC"
"HSPD1","HTRA2",0.0113735783027122,"KIRC"
"CLPX","YME1L1",0.185476815398075,"KIRC"
"AFG3L2","YME1L1",0.172353455818023,"KIRC"
"TRAP1","YME1L1",0.0848643919510061,"KIRC"
"DNAJA3","YME1L1",0.0708661417322835,"KIRC"
"HSPA9","YME1L1",0.128608923884514,"KIRC"
"HSPD1","YME1L1",0.0909886264216973,"KIRC"
"AFG3L2","CLPX",0.206474190726159,"KIRC"
"TRAP1","CLPX",0.111986001749781,"KIRC"
"DNAJA3","CLPX",0.114610673665792,"KIRC"
"HSPA9","CLPX",0.162729658792651,"KIRC"
"HSPD1","CLPX",0.112860892388451,"KIRC"
"TRAP1","AFG3L2",0.161854768153981,"KIRC"
"DNAJA3","AFG3L2",0.139107611548556,"KIRC"
"HSPA9","AFG3L2",0.189851268591426,"KIRC"
"HSPD1","AFG3L2",0.137357830271216,"KIRC"
"DNAJA3","TRAP1",0.139982502187227,"KIRC"
"HSPA9","TRAP1",0.140857392825897,"KIRC"
"HSPD1","TRAP1",0.127734033245844,"KIRC"
"HSPA9","DNAJA3",0.15923009623797,"KIRC"
"HSPD1","DNAJA3",0.146981627296588,"KIRC"
"HSPD1","HSPA9",0.169728783902012,"KIRC"
"AFG3L2","GRPEL2",0.108486439195101,"KIRP"
"DNAJA3","GRPEL2",0.078740157480315,"KIRP"
"TRAP1","GRPEL2",0.0673665791776028,"KIRP"
"HSPA9","GRPEL2",0.10761154855643,"KIRP"
"HSPD1","GRPEL2",0.0901137357830271,"KIRP"
"YME1L1","GRPEL2",0.129483814523185,"KIRP"
"CLPX","GRPEL2",0.119860017497813,"KIRP"
"HTRA2","GRPEL2",0.0166229221347332,"KIRP"
"SPG7","GRPEL2",0.00174978127734033,"KIRP"
"HSCB","GRPEL2",0.00349956255468067,"KIRP"
"DNAJC19","GRPEL2",0.0201224846894138,"KIRP"
"LONP1","GRPEL2",0.010498687664042,"KIRP"
"HSPE1","GRPEL2",0.0174978127734033,"KIRP"
"CLPP","GRPEL2",0.00349956255468067,"KIRP"
"DNAJA3","AFG3L2",0.3167104111986,"KIRP"
"TRAP1","AFG3L2",0.307961504811898,"KIRP"
"HSPA9","AFG3L2",0.294838145231846,"KIRP"
"HSPD1","AFG3L2",0.273840769903762,"KIRP"
"YME1L1","AFG3L2",0.198600174978128,"KIRP"
"CLPX","AFG3L2",0.292213473315836,"KIRP"
"HTRA2","AFG3L2",0.118110236220472,"KIRP"
"SPG7","AFG3L2",0.05249343832021,"KIRP"
"HSCB","AFG3L2",0.00699912510936133,"KIRP"
"DNAJC19","AFG3L2",0.0656167979002625,"KIRP"
"LONP1","AFG3L2",0.137357830271216,"KIRP"
"HSPE1","AFG3L2",0.10498687664042,"KIRP"
"CLPP","AFG3L2",0.078740157480315,"KIRP"
"TRAP1","DNAJA3",0.335958005249344,"KIRP"
"HSPA9","DNAJA3",0.259842519685039,"KIRP"
"HSPD1","DNAJA3",0.274715660542432,"KIRP"
"YME1L1","DNAJA3",0.160979877515311,"KIRP"
"CLPX","DNAJA3",0.236220472440945,"KIRP"
"HTRA2","DNAJA3",0.125984251968504,"KIRP"
"SPG7","DNAJA3",0.0699912510936133,"KIRP"
"HSCB","DNAJA3",0.0113735783027122,"KIRP"
"DNAJC19","DNAJA3",0.05249343832021,"KIRP"
"LONP1","DNAJA3",0.150481189851269,"KIRP"
"HSPE1","DNAJA3",0.114610673665792,"KIRP"
"CLPP","DNAJA3",0.0883639545056868,"KIRP"
"HSPA9","TRAP1",0.255468066491689,"KIRP"
"HSPD1","TRAP1",0.275590551181102,"KIRP"
"YME1L1","TRAP1",0.145231846019248,"KIRP"
"CLPX","TRAP1",0.220472440944882,"KIRP"
"HTRA2","TRAP1",0.140857392825897,"KIRP"
"SPG7","TRAP1",0.0804899387576553,"KIRP"
"HSCB","TRAP1",0.0166229221347332,"KIRP"
"DNAJC19","TRAP1",0.0516185476815398,"KIRP"
"LONP1","TRAP1",0.16010498687664,"KIRP"
"HSPE1","TRAP1",0.129483814523185,"KIRP"
"CLPP","TRAP1",0.10411198600175,"KIRP"
"HSPD1","HSPA9",0.280839895013123,"KIRP"
"YME1L1","HSPA9",0.179352580927384,"KIRP"
"CLPX","HSPA9",0.246719160104987,"KIRP"
"HTRA2","HSPA9",0.0691163604549431,"KIRP"
"SPG7","HSPA9",0.0131233595800525,"KIRP"
"HSCB","HSPA9",0.00174978127734033,"KIRP"
"DNAJC19","HSPA9",0.0542432195975503,"KIRP"
"LONP1","HSPA9",0.142607174103237,"KIRP"
"HSPE1","HSPA9",0.10411198600175,"KIRP"
"CLPP","HSPA9",0.0752405949256343,"KIRP"
"YME1L1","HSPD1",0.148731408573928,"KIRP"
"CLPX","HSPD1",0.21084864391951,"KIRP"
"HTRA2","HSPD1",0.0971128608923885,"KIRP"
"SPG7","HSPD1",0.0323709536307962,"KIRP"
"HSCB","HSPD1",0.00874890638670166,"KIRP"
"DNAJC19","HSPD1",0.0664916885389326,"KIRP"
"LONP1","HSPD1",0.1583552055993,"KIRP"
"HSPE1","HSPD1",0.142607174103237,"KIRP"
"CLPP","HSPD1",0.100612423447069,"KIRP"
"CLPX","YME1L1",0.223097112860892,"KIRP"
"HTRA2","YME1L1",0.036745406824147,"KIRP"
"SPG7","YME1L1",0.00349956255468067,"KIRP"
"HSCB","YME1L1",0,"KIRP"
"DNAJC19","YME1L1",0.0139982502187227,"KIRP"
"LONP1","YME1L1",0.0358705161854768,"KIRP"
"HSPE1","YME1L1",0.0166229221347332,"KIRP"
"CLPP","YME1L1",0.0026246719160105,"KIRP"
"HTRA2","CLPX",0.0769903762029746,"KIRP"
"SPG7","CLPX",0.0174978127734033,"KIRP"
"HSCB","CLPX",0.00174978127734033,"KIRP"
"DNAJC19","CLPX",0.0376202974628171,"KIRP"
"LONP1","CLPX",0.0813648293963255,"KIRP"
"HSPE1","CLPX",0.0481189851268591,"KIRP"
"CLPP","CLPX",0.0279965004374453,"KIRP"
"SPG7","HTRA2",0.123359580052493,"KIRP"
"HSCB","HTRA2",0.062992125984252,"KIRP"
"DNAJC19","HTRA2",0.0507436570428696,"KIRP"
"LONP1","HTRA2",0.0621172353455818,"KIRP"
"HSPE1","HTRA2",0.100612423447069,"KIRP"
"CLPP","HTRA2",0.0761154855643045,"KIRP"
"HSCB","SPG7",0.139982502187227,"KIRP"
"DNAJC19","SPG7",0.0559930008748906,"KIRP"
"LONP1","SPG7",0.0481189851268591,"KIRP"
"HSPE1","SPG7",0.0953630796150481,"KIRP"
"CLPP","SPG7",0.0874890638670166,"KIRP"
"DNAJC19","HSCB",0.0953630796150481,"KIRP"
"LONP1","HSCB",0.0638670166229221,"KIRP"
"HSPE1","HSCB",0.162729658792651,"KIRP"
"CLPP","HSCB",0.164479440069991,"KIRP"
"LONP1","DNAJC19",0.0559930008748906,"KIRP"
"HSPE1","DNAJC19",0.141732283464567,"KIRP"
"CLPP","DNAJC19",0.0953630796150481,"KIRP"
"HSPE1","LONP1",0.182852143482065,"KIRP"
"CLPP","LONP1",0.188101487314086,"KIRP"
"CLPP","HSPE1",0.253718285214348,"KIRP"
"HSPD1","DNAJC19",0.00437445319335083,"LIHC"
"HTRA2","DNAJC19",0.00962379702537183,"LIHC"
"GRPEL2","DNAJC19",0.00437445319335083,"LIHC"
"HSPA9","DNAJC19",0.000874890638670166,"LIHC"
"CLPX","DNAJC19",0.010498687664042,"LIHC"
"YME1L1","DNAJC19",0.0026246719160105,"LIHC"
"AFG3L2","DNAJC19",0.0026246719160105,"LIHC"
"DNAJA3","DNAJC19",0.0026246719160105,"LIHC"
"TRAP1","DNAJC19",0.000874890638670166,"LIHC"
"SPG7","DNAJC19",0,"LIHC"
"LONP1","DNAJC19",0,"LIHC"
"HSCB","DNAJC19",0.00349956255468067,"LIHC"
"HSPE1","DNAJC19",0.0026246719160105,"LIHC"
"CLPP","DNAJC19",0.0026246719160105,"LIHC"
"HTRA2","HSPD1",0.0909886264216973,"LIHC"
"GRPEL2","HSPD1",0.094488188976378,"LIHC"
"HSPA9","HSPD1",0.0183727034120735,"LIHC"
"CLPX","HSPD1",0.010498687664042,"LIHC"
"YME1L1","HSPD1",0.0647419072615923,"LIHC"
"AFG3L2","HSPD1",0.0428696412948381,"LIHC"
"DNAJA3","HSPD1",0.0332458442694663,"LIHC"
"TRAP1","HSPD1",0.0349956255468067,"LIHC"
"SPG7","HSPD1",0,"LIHC"
"LONP1","HSPD1",0.00349956255468067,"LIHC"
"HSCB","HSPD1",0.00437445319335083,"LIHC"
"HSPE1","HSPD1",0.0489938757655293,"LIHC"
"CLPP","HSPD1",0.005249343832021,"LIHC"
"GRPEL2","HTRA2",0.141732283464567,"LIHC"
"HSPA9","HTRA2",0.0113735783027122,"LIHC"
"CLPX","HTRA2",0.010498687664042,"LIHC"
"YME1L1","HTRA2",0.0909886264216973,"LIHC"
"AFG3L2","HTRA2",0.0568678915135608,"LIHC"
"DNAJA3","HTRA2",0.0376202974628171,"LIHC"
"TRAP1","HTRA2",0.0393700787401575,"LIHC"
"SPG7","HTRA2",0.000874890638670166,"LIHC"
"LONP1","HTRA2",0.00349956255468067,"LIHC"
"HSCB","HTRA2",0.0192475940507437,"LIHC"
"HSPE1","HTRA2",0.0568678915135608,"LIHC"
"CLPP","HTRA2",0.0201224846894138,"LIHC"
"HSPA9","GRPEL2",0.020997375328084,"LIHC"
"CLPX","GRPEL2",0.0139982502187227,"LIHC"
"YME1L1","GRPEL2",0.120734908136483,"LIHC"
"AFG3L2","GRPEL2",0.0717410323709536,"LIHC"
"DNAJA3","GRPEL2",0.0384951881014873,"LIHC"
"TRAP1","GRPEL2",0.0288713910761155,"LIHC"
"SPG7","GRPEL2",0.00174978127734033,"LIHC"
"LONP1","GRPEL2",0.00349956255468067,"LIHC"
"HSCB","GRPEL2",0.0113735783027122,"LIHC"
"HSPE1","GRPEL2",0.0516185476815398,"LIHC"
"CLPP","GRPEL2",0.00699912510936133,"LIHC"
"CLPX","HSPA9",0.0174978127734033,"LIHC"
"YME1L1","HSPA9",0.026246719160105,"LIHC"
"AFG3L2","HSPA9",0.031496062992126,"LIHC"
"DNAJA3","HSPA9",0.0288713910761155,"LIHC"
"TRAP1","HSPA9",0.0271216097987752,"LIHC"
"SPG7","HSPA9",0.000874890638670166,"LIHC"
"LONP1","HSPA9",0.00174978127734033,"LIHC"
"HSCB","HSPA9",0,"LIHC"
"HSPE1","HSPA9",0.005249343832021,"LIHC"
"CLPP","HSPA9",0,"LIHC"
"YME1L1","CLPX",0.0533683289588801,"LIHC"
"AFG3L2","CLPX",0.0603674540682415,"LIHC"
"DNAJA3","CLPX",0.0594925634295713,"LIHC"
"TRAP1","CLPX",0.0402449693788276,"LIHC"
"SPG7","CLPX",0.00174978127734033,"LIHC"
"LONP1","CLPX",0,"LIHC"
"HSCB","CLPX",0,"LIHC"
"HSPE1","CLPX",0,"LIHC"
"CLPP","CLPX",0,"LIHC"
"AFG3L2","YME1L1",0.127734033245844,"LIHC"
"DNAJA3","YME1L1",0.0699912510936133,"LIHC"
"TRAP1","YME1L1",0.0542432195975503,"LIHC"
"SPG7","YME1L1",0.0026246719160105,"LIHC"
"LONP1","YME1L1",0,"LIHC"
"HSCB","YME1L1",0,"LIHC"
"HSPE1","YME1L1",0.00699912510936133,"LIHC"
"CLPP","YME1L1",0,"LIHC"
"DNAJA3","AFG3L2",0.0691163604549431,"LIHC"
"TRAP1","AFG3L2",0.057742782152231,"LIHC"
"SPG7","AFG3L2",0,"LIHC"
"LONP1","AFG3L2",0.00174978127734033,"LIHC"
"HSCB","AFG3L2",0,"LIHC"
"HSPE1","AFG3L2",0.000874890638670166,"LIHC"
"CLPP","AFG3L2",0,"LIHC"
"TRAP1","DNAJA3",0.0708661417322835,"LIHC"
"SPG7","DNAJA3",0.00612423447069116,"LIHC"
"LONP1","DNAJA3",0.00349956255468067,"LIHC"
"HSCB","DNAJA3",0,"LIHC"
"HSPE1","DNAJA3",0.000874890638670166,"LIHC"
"CLPP","DNAJA3",0,"LIHC"
"SPG7","TRAP1",0.00349956255468067,"LIHC"
"LONP1","TRAP1",0.000874890638670166,"LIHC"
"HSCB","TRAP1",0,"LIHC"
"HSPE1","TRAP1",0.00349956255468067,"LIHC"
"CLPP","TRAP1",0,"LIHC"
"LONP1","SPG7",0.000874890638670166,"LIHC"
"HSCB","SPG7",0.000874890638670166,"LIHC"
"HSPE1","SPG7",0.0026246719160105,"LIHC"
"CLPP","SPG7",0.00174978127734033,"LIHC"
"HSCB","LONP1",0.0078740157480315,"LIHC"
"HSPE1","LONP1",0.0122484689413823,"LIHC"
"CLPP","LONP1",0.0174978127734033,"LIHC"
"HSPE1","HSCB",0.0769903762029746,"LIHC"
"CLPP","HSCB",0.0778652668416448,"LIHC"
"CLPP","HSPE1",0.0874890638670166,"LIHC"
"HSCB","DNAJC19",0.0026246719160105,"LUAD"
"CLPP","DNAJC19",0.00349956255468067,"LUAD"
"HTRA2","DNAJC19",0.00612423447069116,"LUAD"
"DNAJA3","DNAJC19",0.00174978127734033,"LUAD"
"TRAP1","DNAJC19",0.000874890638670166,"LUAD"
"SPG7","DNAJC19",0,"LUAD"
"LONP1","DNAJC19",0,"LUAD"
"HSPA9","DNAJC19",0.00174978127734033,"LUAD"
"HSPD1","DNAJC19",0.0139982502187227,"LUAD"
"HSPE1","DNAJC19",0.0271216097987752,"LUAD"
"YME1L1","DNAJC19",0.005249343832021,"LUAD"
"GRPEL2","DNAJC19",0.00699912510936133,"LUAD"
"CLPX","DNAJC19",0.00174978127734033,"LUAD"
"AFG3L2","DNAJC19",0.000874890638670166,"LUAD"
"CLPP","HSCB",0.0489938757655293,"LUAD"
"HTRA2","HSCB",0.0271216097987752,"LUAD"
"DNAJA3","HSCB",0.00349956255468067,"LUAD"
"TRAP1","HSCB",0.000874890638670166,"LUAD"
"SPG7","HSCB",0,"LUAD"
"LONP1","HSCB",0.00437445319335083,"LUAD"
"HSPA9","HSCB",0,"LUAD"
"HSPD1","HSCB",0.0183727034120735,"LUAD"
"HSPE1","HSCB",0.0761154855643045,"LUAD"
"YME1L1","HSCB",0,"LUAD"
"GRPEL2","HSCB",0,"LUAD"
"CLPX","HSCB",0,"LUAD"
"AFG3L2","HSCB",0,"LUAD"
"HTRA2","CLPP",0.0507436570428696,"LUAD"
"DNAJA3","CLPP",0.0148731408573928,"LUAD"
"TRAP1","CLPP",0.0078740157480315,"LUAD"
"SPG7","CLPP",0.00174978127734033,"LUAD"
"LONP1","CLPP",0.0236220472440945,"LUAD"
"HSPA9","CLPP",0.00174978127734033,"LUAD"
"HSPD1","CLPP",0.0227471566054243,"LUAD"
"HSPE1","CLPP",0.0743657042869641,"LUAD"
"YME1L1","CLPP",0,"LUAD"
"GRPEL2","CLPP",0,"LUAD"
"CLPX","CLPP",0,"LUAD"
"AFG3L2","CLPP",0,"LUAD"
"DNAJA3","HTRA2",0.0218722659667542,"LUAD"
"TRAP1","HTRA2",0.0174978127734033,"LUAD"
"SPG7","HTRA2",0.00612423447069116,"LUAD"
"LONP1","HTRA2",0.0236220472440945,"LUAD"
"HSPA9","HTRA2",0.00437445319335083,"LUAD"
"HSPD1","HTRA2",0.0498687664041995,"LUAD"
"HSPE1","HTRA2",0.0874890638670166,"LUAD"
"YME1L1","HTRA2",0.0026246719160105,"LUAD"
"GRPEL2","HTRA2",0.00349956255468067,"LUAD"
"CLPX","HTRA2",0,"LUAD"
"AFG3L2","HTRA2",0,"LUAD"
"TRAP1","DNAJA3",0.0341207349081365,"LUAD"
"SPG7","DNAJA3",0.005249343832021,"LUAD"
"LONP1","DNAJA3",0.010498687664042,"LUAD"
"HSPA9","DNAJA3",0.00612423447069116,"LUAD"
"HSPD1","DNAJA3",0.0183727034120735,"LUAD"
"HSPE1","DNAJA3",0.0358705161854768,"LUAD"
"YME1L1","DNAJA3",0.000874890638670166,"LUAD"
"GRPEL2","DNAJA3",0,"LUAD"
"CLPX","DNAJA3",0,"LUAD"
"AFG3L2","DNAJA3",0,"LUAD"
"SPG7","TRAP1",0.00874890638670166,"LUAD"
"LONP1","TRAP1",0.0201224846894138,"LUAD"
"HSPA9","TRAP1",0.0131233595800525,"LUAD"
"HSPD1","TRAP1",0.0279965004374453,"LUAD"
"HSPE1","TRAP1",0.0376202974628171,"LUAD"
"YME1L1","TRAP1",0.00349956255468067,"LUAD"
"GRPEL2","TRAP1",0.00174978127734033,"LUAD"
"CLPX","TRAP1",0.00349956255468067,"LUAD"
"AFG3L2","TRAP1",0.0026246719160105,"LUAD"
"LONP1","SPG7",0.020997375328084,"LUAD"
"HSPA9","SPG7",0.000874890638670166,"LUAD"
"HSPD1","SPG7",0.00174978127734033,"LUAD"
"HSPE1","SPG7",0.0026246719160105,"LUAD"
"YME1L1","SPG7",0,"LUAD"
"GRPEL2","SPG7",0,"LUAD"
"CLPX","SPG7",0,"LUAD"
"AFG3L2","SPG7",0,"LUAD"
"HSPA9","LONP1",0.00437445319335083,"LUAD"
"HSPD1","LONP1",0.0174978127734033,"LUAD"
"HSPE1","LONP1",0.0218722659667542,"LUAD"
"YME1L1","LONP1",0.000874890638670166,"LUAD"
"GRPEL2","LONP1",0.000874890638670166,"LUAD"
"CLPX","LONP1",0,"LUAD"
"AFG3L2","LONP1",0.000874890638670166,"LUAD"
"HSPD1","HSPA9",0.0358705161854768,"LUAD"
"HSPE1","HSPA9",0.0244969378827647,"LUAD"
"YME1L1","HSPA9",0.0122484689413823,"LUAD"
"GRPEL2","HSPA9",0.0122484689413823,"LUAD"
"CLPX","HSPA9",0.00437445319335083,"LUAD"
"AFG3L2","HSPA9",0.00612423447069116,"LUAD"
"HSPE1","HSPD1",0.141732283464567,"LUAD"
"YME1L1","HSPD1",0.0481189851268591,"LUAD"
"GRPEL2","HSPD1",0.0288713910761155,"LUAD"
"CLPX","HSPD1",0.00962379702537183,"LUAD"
"AFG3L2","HSPD1",0.0139982502187227,"LUAD"
"YME1L1","HSPE1",0.0218722659667542,"LUAD"
"GRPEL2","HSPE1",0.0192475940507437,"LUAD"
"CLPX","HSPE1",0.00349956255468067,"LUAD"
"AFG3L2","HSPE1",0.0026246719160105,"LUAD"
"GRPEL2","YME1L1",0.020997375328084,"LUAD"
"CLPX","YME1L1",0.0166229221347332,"LUAD"
"AFG3L2","YME1L1",0.0139982502187227,"LUAD"
"CLPX","GRPEL2",0.0026246719160105,"LUAD"
"AFG3L2","GRPEL2",0.005249343832021,"LUAD"
"AFG3L2","CLPX",0.00699912510936133,"LUAD"
"CLPX","YME1L1",0,"LUSC"
"LONP1","YME1L1",0,"LUSC"
"AFG3L2","YME1L1",0,"LUSC"
"SPG7","YME1L1",0,"LUSC"
"HSCB","YME1L1",0,"LUSC"
"HSPA9","YME1L1",0,"LUSC"
"GRPEL2","YME1L1",0,"LUSC"
"HSPD1","YME1L1",0.00174978127734033,"LUSC"
"HSPE1","YME1L1",0.00349956255468067,"LUSC"
"DNAJC19","YME1L1",0.000874890638670166,"LUSC"
"HTRA2","YME1L1",0,"LUSC"
"CLPP","YME1L1",0,"LUSC"
"DNAJA3","YME1L1",0,"LUSC"
"TRAP1","YME1L1",0.000874890638670166,"LUSC"
"LONP1","CLPX",0.000874890638670166,"LUSC"
"AFG3L2","CLPX",0.0026246719160105,"LUSC"
"SPG7","CLPX",0,"LUSC"
"HSCB","CLPX",0.000874890638670166,"LUSC"
"HSPA9","CLPX",0.00349956255468067,"LUSC"
"GRPEL2","CLPX",0.00437445319335083,"LUSC"
"HSPD1","CLPX",0.0026246719160105,"LUSC"
"HSPE1","CLPX",0.00612423447069116,"LUSC"
"DNAJC19","CLPX",0.0078740157480315,"LUSC"
"HTRA2","CLPX",0,"LUSC"
"CLPP","CLPX",0.0026246719160105,"LUSC"
"DNAJA3","CLPX",0.00349956255468067,"LUSC"
"TRAP1","CLPX",0.0026246719160105,"LUSC"
"AFG3L2","LONP1",0.0122484689413823,"LUSC"
"SPG7","LONP1",0.00349956255468067,"LUSC"
"HSCB","LONP1",0.00174978127734033,"LUSC"
"HSPA9","LONP1",0.00437445319335083,"LUSC"
"GRPEL2","LONP1",0,"LUSC"
"HSPD1","LONP1",0.00612423447069116,"LUSC"
"HSPE1","LONP1",0.00174978127734033,"LUSC"
"DNAJC19","LONP1",0.015748031496063,"LUSC"
"HTRA2","LONP1",0.000874890638670166,"LUSC"
"CLPP","LONP1",0.0174978127734033,"LUSC"
"DNAJA3","LONP1",0.00349956255468067,"LUSC"
"TRAP1","LONP1",0.00699912510936133,"LUSC"
"SPG7","AFG3L2",0,"LUSC"
"HSCB","AFG3L2",0,"LUSC"
"HSPA9","AFG3L2",0.0244969378827647,"LUSC"
"GRPEL2","AFG3L2",0.0078740157480315,"LUSC"
"HSPD1","AFG3L2",0.0288713910761155,"LUSC"
"HSPE1","AFG3L2",0.0122484689413823,"LUSC"
"DNAJC19","AFG3L2",0.0332458442694663,"LUSC"
"HTRA2","AFG3L2",0.00349956255468067,"LUSC"
"CLPP","AFG3L2",0.00962379702537183,"LUSC"
"DNAJA3","AFG3L2",0.0131233595800525,"LUSC"
"TRAP1","AFG3L2",0.0253718285214348,"LUSC"
"HSCB","SPG7",0.000874890638670166,"LUSC"
"HSPA9","SPG7",0.000874890638670166,"LUSC"
"GRPEL2","SPG7",0,"LUSC"
"HSPD1","SPG7",0,"LUSC"
"HSPE1","SPG7",0,"LUSC"
"DNAJC19","SPG7",0.00174978127734033,"LUSC"
"HTRA2","SPG7",0.000874890638670166,"LUSC"
"CLPP","SPG7",0.000874890638670166,"LUSC"
"DNAJA3","SPG7",0.000874890638670166,"LUSC"
"TRAP1","SPG7",0.000874890638670166,"LUSC"
"HSPA9","HSCB",0.000874890638670166,"LUSC"
"GRPEL2","HSCB",0.00962379702537183,"LUSC"
"HSPD1","HSCB",0.0078740157480315,"LUSC"
"HSPE1","HSCB",0.0376202974628171,"LUSC"
"DNAJC19","HSCB",0.031496062992126,"LUSC"
"HTRA2","HSCB",0.010498687664042,"LUSC"
"CLPP","HSCB",0.0183727034120735,"LUSC"
"DNAJA3","HSCB",0.0113735783027122,"LUSC"
"TRAP1","HSCB",0.0026246719160105,"LUSC"
"GRPEL2","HSPA9",0.0244969378827647,"LUSC"
"HSPD1","HSPA9",0.0446194225721785,"LUSC"
"HSPE1","HSPA9",0.0279965004374453,"LUSC"
"DNAJC19","HSPA9",0.0279965004374453,"LUSC"
"HTRA2","HSPA9",0.005249343832021,"LUSC"
"CLPP","HSPA9",0.00874890638670166,"LUSC"
"DNAJA3","HSPA9",0.0166229221347332,"LUSC"
"TRAP1","HSPA9",0.0279965004374453,"LUSC"
"HSPD1","GRPEL2",0.0393700787401575,"LUSC"
"HSPE1","GRPEL2",0.0752405949256343,"LUSC"
"DNAJC19","GRPEL2",0.0691163604549431,"LUSC"
"HTRA2","GRPEL2",0.0122484689413823,"LUSC"
"CLPP","GRPEL2",0.0192475940507437,"LUSC"
"DNAJA3","GRPEL2",0.031496062992126,"LUSC"
"TRAP1","GRPEL2",0.0192475940507437,"LUSC"
"HSPE1","HSPD1",0.0866141732283465,"LUSC"
"DNAJC19","HSPD1",0.0699912510936133,"LUSC"
"HTRA2","HSPD1",0.020997375328084,"LUSC"
"CLPP","HSPD1",0.0236220472440945,"LUSC"
"DNAJA3","HSPD1",0.0323709536307962,"LUSC"
"TRAP1","HSPD1",0.0533683289588801,"LUSC"
"DNAJC19","HSPE1",0.140857392825897,"LUSC"
"HTRA2","HSPE1",0.0297462817147857,"LUSC"
"CLPP","HSPE1",0.0542432195975503,"LUSC"
"DNAJA3","HSPE1",0.0507436570428696,"LUSC"
"TRAP1","HSPE1",0.0446194225721785,"LUSC"
"HTRA2","DNAJC19",0.031496062992126,"LUSC"
"CLPP","DNAJC19",0.0621172353455818,"LUSC"
"DNAJA3","DNAJC19",0.0516185476815398,"LUSC"
"TRAP1","DNAJC19",0.041994750656168,"LUSC"
"CLPP","HTRA2",0.0139982502187227,"LUSC"
"DNAJA3","HTRA2",0.010498687664042,"LUSC"
"TRAP1","HTRA2",0.0113735783027122,"LUSC"
"DNAJA3","CLPP",0.0244969378827647,"LUSC"
"TRAP1","CLPP",0.0201224846894138,"LUSC"
"TRAP1","DNAJA3",0.0437445319335083,"LUSC"
"YME1L1","AFG3L2",0.166229221347332,"PRAD"
"CLPX","AFG3L2",0.181977252843395,"PRAD"
"HSPD1","AFG3L2",0.0997375328083989,"PRAD"
"HSPA9","AFG3L2",0.160979877515311,"PRAD"
"GRPEL2","AFG3L2",0.143482064741907,"PRAD"
"DNAJA3","AFG3L2",0.0997375328083989,"PRAD"
"TRAP1","AFG3L2",0.0901137357830271,"PRAD"
"SPG7","AFG3L2",0,"PRAD"
"HTRA2","AFG3L2",0.00699912510936133,"PRAD"
"HSCB","AFG3L2",0.000874890638670166,"PRAD"
"CLPP","AFG3L2",0.000874890638670166,"PRAD"
"LONP1","AFG3L2",0.0026246719160105,"PRAD"
"HSPE1","AFG3L2",0.0078740157480315,"PRAD"
"DNAJC19","AFG3L2",0.00349956255468067,"PRAD"
"CLPX","YME1L1",0.183727034120735,"PRAD"
"HSPD1","YME1L1",0.0769903762029746,"PRAD"
"HSPA9","YME1L1",0.138232720909886,"PRAD"
"GRPEL2","YME1L1",0.121609798775153,"PRAD"
"DNAJA3","YME1L1",0.0822397200349956,"PRAD"
"TRAP1","YME1L1",0.0664916885389326,"PRAD"
"SPG7","YME1L1",0,"PRAD"
"HTRA2","YME1L1",0,"PRAD"
"HSCB","YME1L1",0,"PRAD"
"CLPP","YME1L1",0,"PRAD"
"LONP1","YME1L1",0,"PRAD"
"HSPE1","YME1L1",0.0026246719160105,"PRAD"
"DNAJC19","YME1L1",0.0026246719160105,"PRAD"
"HSPD1","CLPX",0.0997375328083989,"PRAD"
"HSPA9","CLPX",0.16010498687664,"PRAD"
"GRPEL2","CLPX",0.145231846019248,"PRAD"
"DNAJA3","CLPX",0.10411198600175,"PRAD"
"TRAP1","CLPX",0.089238845144357,"PRAD"
"SPG7","CLPX",0,"PRAD"
"HTRA2","CLPX",0.00437445319335083,"PRAD"
"HSCB","CLPX",0.000874890638670166,"PRAD"
"CLPP","CLPX",0,"PRAD"
"LONP1","CLPX",0.000874890638670166,"PRAD"
"HSPE1","CLPX",0.00612423447069116,"PRAD"
"DNAJC19","CLPX",0.00349956255468067,"PRAD"
"HSPA9","HSPD1",0.134733158355206,"PRAD"
"GRPEL2","HSPD1",0.125109361329834,"PRAD"
"DNAJA3","HSPD1",0.113735783027122,"PRAD"
"TRAP1","HSPD1",0.10761154855643,"PRAD"
"SPG7","HSPD1",0,"PRAD"
"HTRA2","HSPD1",0.0428696412948381,"PRAD"
"HSCB","HSPD1",0.0148731408573928,"PRAD"
"CLPP","HSPD1",0.0306211723534558,"PRAD"
"LONP1","HSPD1",0.020997375328084,"PRAD"
"HSPE1","HSPD1",0.0603674540682415,"PRAD"
"DNAJC19","HSPD1",0.0402449693788276,"PRAD"
"GRPEL2","HSPA9",0.161854768153981,"PRAD"
"DNAJA3","HSPA9",0.123359580052493,"PRAD"
"TRAP1","HSPA9",0.10586176727909,"PRAD"
"SPG7","HSPA9",0,"PRAD"
"HTRA2","HSPA9",0.0192475940507437,"PRAD"
"HSCB","HSPA9",0.000874890638670166,"PRAD"
"CLPP","HSPA9",0.010498687664042,"PRAD"
"LONP1","HSPA9",0.00874890638670166,"PRAD"
"HSPE1","HSPA9",0.0341207349081365,"PRAD"
"DNAJC19","HSPA9",0.0218722659667542,"PRAD"
"DNAJA3","GRPEL2",0.109361329833771,"PRAD"
"TRAP1","GRPEL2",0.0962379702537183,"PRAD"
"SPG7","GRPEL2",0,"PRAD"
"HTRA2","GRPEL2",0.0218722659667542,"PRAD"
"HSCB","GRPEL2",0.000874890638670166,"PRAD"
"CLPP","GRPEL2",0.00349956255468067,"PRAD"
"LONP1","GRPEL2",0.00437445319335083,"PRAD"
"HSPE1","GRPEL2",0.0244969378827647,"PRAD"
"DNAJC19","GRPEL2",0.0166229221347332,"PRAD"
"TRAP1","DNAJA3",0.111111111111111,"PRAD"
"SPG7","DNAJA3",0,"PRAD"
"HTRA2","DNAJA3",0.0323709536307962,"PRAD"
"HSCB","DNAJA3",0.000874890638670166,"PRAD"
"CLPP","DNAJA3",0.0148731408573928,"PRAD"
"LONP1","DNAJA3",0.0201224846894138,"PRAD"
"HSPE1","DNAJA3",0.0341207349081365,"PRAD"
"DNAJC19","DNAJA3",0.0236220472440945,"PRAD"
"SPG7","TRAP1",0,"PRAD"
"HTRA2","TRAP1",0.0349956255468067,"PRAD"
"HSCB","TRAP1",0.00699912510936133,"PRAD"
"CLPP","TRAP1",0.015748031496063,"PRAD"
"LONP1","TRAP1",0.020997375328084,"PRAD"
"HSPE1","TRAP1",0.0236220472440945,"PRAD"
"DNAJC19","TRAP1",0.0131233595800525,"PRAD"
"HTRA2","SPG7",0.0236220472440945,"PRAD"
"HSCB","SPG7",0.0708661417322835,"PRAD"
"CLPP","SPG7",0.0778652668416448,"PRAD"
"LONP1","SPG7",0.0796150481189851,"PRAD"
"HSPE1","SPG7",0.0297462817147857,"PRAD"
"DNAJC19","SPG7",0.0183727034120735,"PRAD"
"HSCB","HTRA2",0.0936132983377078,"PRAD"
"CLPP","HTRA2",0.111111111111111,"PRAD"
"LONP1","HTRA2",0.10498687664042,"PRAD"
"HSPE1","HTRA2",0.0936132983377078,"PRAD"
"DNAJC19","HTRA2",0.0638670166229221,"PRAD"
"CLPP","HSCB",0.277340332458443,"PRAD"
"LONP1","HSCB",0.237095363079615,"PRAD"
"HSPE1","HSCB",0.203849518810149,"PRAD"
"DNAJC19","HSCB",0.149606299212598,"PRAD"
"LONP1","CLPP",0.285214348206474,"PRAD"
"HSPE1","CLPP",0.231846019247594,"PRAD"
"DNAJC19","CLPP",0.167979002624672,"PRAD"
"HSPE1","LONP1",0.189851268591426,"PRAD"
"DNAJC19","LONP1",0.132983377077865,"PRAD"
"DNAJC19","HSPE1",0.190726159230096,"PRAD"
"HSCB","DNAJC19",0.073490813648294,"STAD"
"HTRA2","DNAJC19",0.0078740157480315,"STAD"
"CLPP","DNAJC19",0.0656167979002625,"STAD"
"LONP1","DNAJC19",0.00174978127734033,"STAD"
"DNAJA3","DNAJC19",0.0139982502187227,"STAD"
"TRAP1","DNAJC19",0.015748031496063,"STAD"
"SPG7","DNAJC19",0.000874890638670166,"STAD"
"YME1L1","DNAJC19",0.00349956255468067,"STAD"
"CLPX","DNAJC19",0.00349956255468067,"STAD"
"GRPEL2","DNAJC19",0.010498687664042,"STAD"
"AFG3L2","DNAJC19",0.005249343832021,"STAD"
"HSPE1","DNAJC19",0.150481189851269,"STAD"
"HSPA9","DNAJC19",0.047244094488189,"STAD"
"HSPD1","DNAJC19",0.0769903762029746,"STAD"
"HTRA2","HSCB",0.00874890638670166,"STAD"
"CLPP","HSCB",0.0551181102362205,"STAD"
"LONP1","HSCB",0.00437445319335083,"STAD"
"DNAJA3","HSCB",0.0078740157480315,"STAD"
"TRAP1","HSCB",0.00962379702537183,"STAD"
"SPG7","HSCB",0,"STAD"
"YME1L1","HSCB",0,"STAD"
"CLPX","HSCB",0.000874890638670166,"STAD"
"GRPEL2","HSCB",0.000874890638670166,"STAD"
"AFG3L2","HSCB",0.000874890638670166,"STAD"
"HSPE1","HSCB",0.0761154855643045,"STAD"
"HSPA9","HSCB",0.0166229221347332,"STAD"
"HSPD1","HSCB",0.031496062992126,"STAD"
"CLPP","HTRA2",0.0761154855643045,"STAD"
"LONP1","HTRA2",0.0533683289588801,"STAD"
"DNAJA3","HTRA2",0.0612423447069116,"STAD"
"TRAP1","HTRA2",0.0656167979002625,"STAD"
"SPG7","HTRA2",0.00174978127734033,"STAD"
"YME1L1","HTRA2",0,"STAD"
"CLPX","HTRA2",0.000874890638670166,"STAD"
"GRPEL2","HTRA2",0,"STAD"
"AFG3L2","HTRA2",0.0131233595800525,"STAD"
"HSPE1","HTRA2",0.0323709536307962,"STAD"
"HSPA9","HTRA2",0.0279965004374453,"STAD"
"HSPD1","HTRA2",0.0446194225721785,"STAD"
"LONP1","CLPP",0.0804899387576553,"STAD"
"DNAJA3","CLPP",0.0909886264216973,"STAD"
"TRAP1","CLPP",0.108486439195101,"STAD"
"SPG7","CLPP",0,"STAD"
"YME1L1","CLPP",0.0026246719160105,"STAD"
"CLPX","CLPP",0.00437445319335083,"STAD"
"GRPEL2","CLPP",0.0078740157480315,"STAD"
"AFG3L2","CLPP",0.0253718285214348,"STAD"
"HSPE1","CLPP",0.121609798775153,"STAD"
"HSPA9","CLPP",0.073490813648294,"STAD"
"HSPD1","CLPP",0.0953630796150481,"STAD"
"DNAJA3","LONP1",0.115485564304462,"STAD"
"TRAP1","LONP1",0.122484689413823,"STAD"
"SPG7","LONP1",0.00612423447069116,"STAD"
"YME1L1","LONP1",0.0218722659667542,"STAD"
"CLPX","LONP1",0.0271216097987752,"STAD"
"GRPEL2","LONP1",0.0306211723534558,"STAD"
"AFG3L2","LONP1",0.0594925634295713,"STAD"
"HSPE1","LONP1",0.0551181102362205,"STAD"
"HSPA9","LONP1",0.0901137357830271,"STAD"
"HSPD1","LONP1",0.0962379702537183,"STAD"
"TRAP1","DNAJA3",0.191601049868766,"STAD"
"SPG7","DNAJA3",0.00349956255468067,"STAD"
"YME1L1","DNAJA3",0.0358705161854768,"STAD"
"CLPX","DNAJA3",0.0402449693788276,"STAD"
"GRPEL2","DNAJA3",0.0489938757655293,"STAD"
"AFG3L2","DNAJA3",0.101487314085739,"STAD"
"HSPE1","DNAJA3",0.111111111111111,"STAD"
"HSPA9","DNAJA3",0.153105861767279,"STAD"
"HSPD1","DNAJA3",0.167104111986002,"STAD"
"SPG7","TRAP1",0.0026246719160105,"STAD"
"YME1L1","TRAP1",0.0454943132108486,"STAD"
"CLPX","TRAP1",0.057742782152231,"STAD"
"GRPEL2","TRAP1",0.0673665791776028,"STAD"
"AFG3L2","TRAP1",0.110236220472441,"STAD"
"HSPE1","TRAP1",0.121609798775153,"STAD"
"HSPA9","TRAP1",0.179352580927384,"STAD"
"HSPD1","TRAP1",0.189851268591426,"STAD"
"YME1L1","SPG7",0.00174978127734033,"STAD"
"CLPX","SPG7",0,"STAD"
"GRPEL2","SPG7",0.000874890638670166,"STAD"
"AFG3L2","SPG7",0.000874890638670166,"STAD"
"HSPE1","SPG7",0.000874890638670166,"STAD"
"HSPA9","SPG7",0,"STAD"
"HSPD1","SPG7",0.0026246719160105,"STAD"
"CLPX","YME1L1",0.062992125984252,"STAD"
"GRPEL2","YME1L1",0.062992125984252,"STAD"
"AFG3L2","YME1L1",0.0498687664041995,"STAD"
"HSPE1","YME1L1",0.0384951881014873,"STAD"
"HSPA9","YME1L1",0.0717410323709536,"STAD"
"HSPD1","YME1L1",0.068241469816273,"STAD"
"GRPEL2","CLPX",0.0796150481189851,"STAD"
"AFG3L2","CLPX",0.0568678915135608,"STAD"
"HSPE1","CLPX",0.0384951881014873,"STAD"
"HSPA9","CLPX",0.0927384076990376,"STAD"
"HSPD1","CLPX",0.083989501312336,"STAD"
"AFG3L2","GRPEL2",0.0638670166229221,"STAD"
"HSPE1","GRPEL2",0.0603674540682415,"STAD"
"HSPA9","GRPEL2",0.10761154855643,"STAD"
"HSPD1","GRPEL2",0.10323709536308,"STAD"
"HSPE1","AFG3L2",0.0612423447069116,"STAD"
"HSPA9","AFG3L2",0.125984251968504,"STAD"
"HSPD1","AFG3L2",0.117235345581802,"STAD"
"HSPA9","HSPE1",0.164479440069991,"STAD"
"HSPD1","HSPE1",0.230971128608924,"STAD"
"HSPD1","HSPA9",0.245844269466317,"STAD"
"HTRA2","LONP1",0.0306211723534558,"THCA"
"SPG7","LONP1",0.0437445319335083,"THCA"
"DNAJC19","LONP1",0.0857392825896763,"THCA"
"HSPE1","LONP1",0.0761154855643045,"THCA"
"CLPP","LONP1",0.10498687664042,"THCA"
"HSCB","LONP1",0.0717410323709536,"THCA"
"GRPEL2","LONP1",0.000874890638670166,"THCA"
"CLPX","LONP1",0.00174978127734033,"THCA"
"YME1L1","LONP1",0.00174978127734033,"THCA"
"HSPA9","LONP1",0.0139982502187227,"THCA"
"DNAJA3","LONP1",0.0411198600174978,"THCA"
"AFG3L2","LONP1",0.0201224846894138,"THCA"
"HSPD1","LONP1",0.0139982502187227,"THCA"
"TRAP1","LONP1",0.020997375328084,"THCA"
"SPG7","HTRA2",0.150481189851269,"THCA"
"DNAJC19","HTRA2",0.167104111986002,"THCA"
"HSPE1","HTRA2",0.102362204724409,"THCA"
"CLPP","HTRA2",0.136482939632546,"THCA"
"HSCB","HTRA2",0.15748031496063,"THCA"
"GRPEL2","HTRA2",0.0218722659667542,"THCA"
"CLPX","HTRA2",0.000874890638670166,"THCA"
"YME1L1","HTRA2",0,"THCA"
"HSPA9","HTRA2",0.000874890638670166,"THCA"
"DNAJA3","HTRA2",0.0131233595800525,"THCA"
"AFG3L2","HTRA2",0.0078740157480315,"THCA"
"HSPD1","HTRA2",0,"THCA"
"TRAP1","HTRA2",0.0078740157480315,"THCA"
"DNAJC19","SPG7",0.319335083114611,"THCA"
"HSPE1","SPG7",0.174103237095363,"THCA"
"CLPP","SPG7",0.207349081364829,"THCA"
"HSCB","SPG7",0.197725284339458,"THCA"
"GRPEL2","SPG7",0.10411198600175,"THCA"
"CLPX","SPG7",0.0026246719160105,"THCA"
"YME1L1","SPG7",0.00437445319335083,"THCA"
"HSPA9","SPG7",0.026246719160105,"THCA"
"DNAJA3","SPG7",0.073490813648294,"THCA"
"AFG3L2","SPG7",0.094488188976378,"THCA"
"HSPD1","SPG7",0,"THCA"
"TRAP1","SPG7",0.000874890638670166,"THCA"
"HSPE1","DNAJC19",0.266841644794401,"THCA"
"CLPP","DNAJC19",0.286964129483815,"THCA"
"HSCB","DNAJC19",0.273840769903762,"THCA"
"GRPEL2","DNAJC19",0.100612423447069,"THCA"
"CLPX","DNAJC19",0.00437445319335083,"THCA"
"YME1L1","DNAJC19",0.0026246719160105,"THCA"
"HSPA9","DNAJC19",0.0384951881014873,"THCA"
"DNAJA3","DNAJC19",0.10498687664042,"THCA"
"AFG3L2","DNAJC19",0.101487314085739,"THCA"
"HSPD1","DNAJC19",0.00699912510936133,"THCA"
"TRAP1","DNAJC19",0.015748031496063,"THCA"
"CLPP","HSPE1",0.238845144356955,"THCA"
"HSCB","HSPE1",0.218722659667542,"THCA"
"GRPEL2","HSPE1",0.0244969378827647,"THCA"
"CLPX","HSPE1",0,"THCA"
"YME1L1","HSPE1",0,"THCA"
"HSPA9","HSPE1",0.0139982502187227,"THCA"
"DNAJA3","HSPE1",0.0332458442694663,"THCA"
"AFG3L2","HSPE1",0.0253718285214348,"THCA"
"HSPD1","HSPE1",0.005249343832021,"THCA"
"TRAP1","HSPE1",0.00349956255468067,"THCA"
"HSCB","CLPP",0.254593175853018,"THCA"
"GRPEL2","CLPP",0.00874890638670166,"THCA"
"CLPX","CLPP",0,"THCA"
"YME1L1","CLPP",0,"THCA"
"HSPA9","CLPP",0.00437445319335083,"THCA"
"DNAJA3","CLPP",0.0376202974628171,"THCA"
"AFG3L2","CLPP",0.0192475940507437,"THCA"
"HSPD1","CLPP",0.0026246719160105,"THCA"
"TRAP1","CLPP",0.00962379702537183,"THCA"
"GRPEL2","HSCB",0.0166229221347332,"THCA"
"CLPX","HSCB",0,"THCA"
"YME1L1","HSCB",0,"THCA"
"HSPA9","HSCB",0,"THCA"
"DNAJA3","HSCB",0.0139982502187227,"THCA"
"AFG3L2","HSCB",0.0078740157480315,"THCA"
"HSPD1","HSCB",0,"THCA"
"TRAP1","HSCB",0.00612423447069116,"THCA"
"CLPX","GRPEL2",0.0393700787401575,"THCA"
"YME1L1","GRPEL2",0.0664916885389326,"THCA"
"HSPA9","GRPEL2",0.0909886264216973,"THCA"
"DNAJA3","GRPEL2",0.117235345581802,"THCA"
"AFG3L2","GRPEL2",0.146981627296588,"THCA"
"HSPD1","GRPEL2",0.0166229221347332,"THCA"
"TRAP1","GRPEL2",0.0166229221347332,"THCA"
"YME1L1","CLPX",0.115485564304462,"THCA"
"HSPA9","CLPX",0.0971128608923885,"THCA"
"DNAJA3","CLPX",0.0874890638670166,"THCA"
"AFG3L2","CLPX",0.100612423447069,"THCA"
"HSPD1","CLPX",0.0594925634295713,"THCA"
"TRAP1","CLPX",0.062992125984252,"THCA"
"HSPA9","YME1L1",0.160979877515311,"THCA"
"DNAJA3","YME1L1",0.137357830271216,"THCA"
"AFG3L2","YME1L1",0.165354330708661,"THCA"
"HSPD1","YME1L1",0.083989501312336,"THCA"
"TRAP1","YME1L1",0.0699912510936133,"THCA"
"DNAJA3","HSPA9",0.201224846894138,"THCA"
"AFG3L2","HSPA9",0.217847769028871,"THCA"
"HSPD1","HSPA9",0.094488188976378,"THCA"
"TRAP1","HSPA9",0.083989501312336,"THCA"
"AFG3L2","DNAJA3",0.253718285214348,"THCA"
"HSPD1","DNAJA3",0.0813648293963255,"THCA"
"TRAP1","DNAJA3",0.094488188976378,"THCA"
"HSPD1","AFG3L2",0.083989501312336,"THCA"
"TRAP1","AFG3L2",0.0831146106736658,"THCA"
"TRAP1","HSPD1",0.0743657042869641,"THCA"
"LONP1","CLPP",0.111111111111111,"UCEC"
"HTRA2","CLPP",0.0279965004374453,"UCEC"
"DNAJA3","CLPP",0.026246719160105,"UCEC"
"TRAP1","CLPP",0.0402449693788276,"UCEC"
"HSPD1","CLPP",0.015748031496063,"UCEC"
"HSPA9","CLPP",0.020997375328084,"UCEC"
"AFG3L2","CLPP",0.0192475940507437,"UCEC"
"GRPEL2","CLPP",0.00174978127734033,"UCEC"
"YME1L1","CLPP",0,"UCEC"
"CLPX","CLPP",0.00349956255468067,"UCEC"
"HSPE1","CLPP",0.00874890638670166,"UCEC"
"DNAJC19","CLPP",0,"UCEC"
"SPG7","CLPP",0.00962379702537183,"UCEC"
"HSCB","CLPP",0.00874890638670166,"UCEC"
"HTRA2","LONP1",0.0384951881014873,"UCEC"
"DNAJA3","LONP1",0.0332458442694663,"UCEC"
"TRAP1","LONP1",0.0481189851268591,"UCEC"
"HSPD1","LONP1",0.020997375328084,"UCEC"
"HSPA9","LONP1",0.0271216097987752,"UCEC"
"AFG3L2","LONP1",0.0279965004374453,"UCEC"
"GRPEL2","LONP1",0.0026246719160105,"UCEC"
"YME1L1","LONP1",0.0026246719160105,"UCEC"
"CLPX","LONP1",0.00612423447069116,"UCEC"
"HSPE1","LONP1",0.00874890638670166,"UCEC"
"DNAJC19","LONP1",0,"UCEC"
"SPG7","LONP1",0.0122484689413823,"UCEC"
"HSCB","LONP1",0.00349956255468067,"UCEC"
"DNAJA3","HTRA2",0.0621172353455818,"UCEC"
"TRAP1","HTRA2",0.0498687664041995,"UCEC"
"HSPD1","HTRA2",0.073490813648294,"UCEC"
"HSPA9","HTRA2",0.0726159230096238,"UCEC"
"AFG3L2","HTRA2",0.0848643919510061,"UCEC"
"GRPEL2","HTRA2",0.0323709536307962,"UCEC"
"YME1L1","HTRA2",0.0384951881014873,"UCEC"
"CLPX","HTRA2",0.036745406824147,"UCEC"
"HSPE1","HTRA2",0.031496062992126,"UCEC"
"DNAJC19","HTRA2",0.0253718285214348,"UCEC"
"SPG7","HTRA2",0,"UCEC"
"HSCB","HTRA2",0,"UCEC"
"TRAP1","DNAJA3",0.0857392825896763,"UCEC"
"HSPD1","DNAJA3",0.110236220472441,"UCEC"
"HSPA9","DNAJA3",0.125109361329834,"UCEC"
"AFG3L2","DNAJA3",0.125984251968504,"UCEC"
"GRPEL2","DNAJA3",0.0691163604549431,"UCEC"
"YME1L1","DNAJA3",0.0927384076990376,"UCEC"
"CLPX","DNAJA3",0.0971128608923885,"UCEC"
"HSPE1","DNAJA3",0.0218722659667542,"UCEC"
"DNAJC19","DNAJA3",0.020997375328084,"UCEC"
"SPG7","DNAJA3",0,"UCEC"
"HSCB","DNAJA3",0,"UCEC"
"HSPD1","TRAP1",0.0638670166229221,"UCEC"
"HSPA9","TRAP1",0.0743657042869641,"UCEC"
"AFG3L2","TRAP1",0.078740157480315,"UCEC"
"GRPEL2","TRAP1",0.0288713910761155,"UCEC"
"YME1L1","TRAP1",0.0507436570428696,"UCEC"
"CLPX","TRAP1",0.0559930008748906,"UCEC"
"HSPE1","TRAP1",0.00612423447069116,"UCEC"
"DNAJC19","TRAP1",0.000874890638670166,"UCEC"
"SPG7","TRAP1",0.00349956255468067,"UCEC"
"HSCB","TRAP1",0,"UCEC"
"HSPA9","HSPD1",0.247594050743657,"UCEC"
"AFG3L2","HSPD1",0.237970253718285,"UCEC"
"GRPEL2","HSPD1",0.201224846894138,"UCEC"
"YME1L1","HSPD1",0.189851268591426,"UCEC"
"CLPX","HSPD1",0.186351706036745,"UCEC"
"HSPE1","HSPD1",0.112860892388451,"UCEC"
"DNAJC19","HSPD1",0.122484689413823,"UCEC"
"SPG7","HSPD1",0,"UCEC"
"HSCB","HSPD1",0.00349956255468067,"UCEC"
"AFG3L2","HSPA9",0.251093613298338,"UCEC"
"GRPEL2","HSPA9",0.202974628171479,"UCEC"
"YME1L1","HSPA9",0.201224846894138,"UCEC"
"CLPX","HSPA9",0.199475065616798,"UCEC"
"HSPE1","HSPA9",0.0866141732283465,"UCEC"
"DNAJC19","HSPA9",0.0988626421697288,"UCEC"
"SPG7","HSPA9",0,"UCEC"
"HSCB","HSPA9",0.00174978127734033,"UCEC"
"GRPEL2","AFG3L2",0.191601049868766,"UCEC"
"YME1L1","AFG3L2",0.20997375328084,"UCEC"
"CLPX","AFG3L2",0.199475065616798,"UCEC"
"HSPE1","AFG3L2",0.0796150481189851,"UCEC"
"DNAJC19","AFG3L2",0.0979877515310586,"UCEC"
"SPG7","AFG3L2",0,"UCEC"
"HSCB","AFG3L2",0,"UCEC"
"YME1L1","GRPEL2",0.206474190726159,"UCEC"
"CLPX","GRPEL2",0.202974628171479,"UCEC"
"HSPE1","GRPEL2",0.0822397200349956,"UCEC"
"DNAJC19","GRPEL2",0.10323709536308,"UCEC"
"SPG7","GRPEL2",0,"UCEC"
"HSCB","GRPEL2",0.0026246719160105,"UCEC"
"CLPX","YME1L1",0.237095363079615,"UCEC"
"HSPE1","YME1L1",0.0481189851268591,"UCEC"
"DNAJC19","YME1L1",0.0726159230096238,"UCEC"
"SPG7","YME1L1",0,"UCEC"
"HSCB","YME1L1",0,"UCEC"
"HSPE1","CLPX",0.047244094488189,"UCEC"
"DNAJC19","CLPX",0.068241469816273,"UCEC"
"SPG7","CLPX",0,"UCEC"
"HSCB","CLPX",0,"UCEC"
"DNAJC19","HSPE1",0.129483814523185,"UCEC"
"SPG7","HSPE1",0,"UCEC"
"HSCB","HSPE1",0.0332458442694663,"UCEC"
"SPG7","DNAJC19",0,"UCEC"
"HSCB","DNAJC19",0.0174978127734033,"UCEC"
"HSCB","SPG7",0.00349956255468067,"UCEC"
